DEPT_ID,DINNER_NAME,MEAL_NAME,NUM_MEALS,TODAY
1,OASIS DINER,BREAKFAST,442,2023-01-01
1,OASIS DINER,DINNER,401,2023-01-01
1,OASIS DINER,LUNCH,220,2023-01-01
3,SUNRISE-1,BREAKFAST,236,2023-01-01
3,SUNRISE-1,DINNER,192,2023-01-01
3,SUNRISE-1,LUNCH,178,2023-01-01
5,SUNRISE-3,BREAKFAST,358,2023-01-01
5,SUNRISE-3,DINNER,338,2023-01-01
5,SUNRISE-3,LUNCH,704,2023-01-01
6,SUNRISE-4,BREAKFAST,734,2023-01-01
6,SUNRISE-4,DINNER,862,2023-01-01
6,SUNRISE-4,LUNCH,531,2023-01-01
7,SUNRISE-5,BREAKFAST,1012,2023-01-01
7,SUNRISE-5,DINNER,759,2023-01-01
7,SUNRISE-5,LUNCH,670,2023-01-01
2,SUNRISE-6,BREAKFAST,1402,2023-01-01
2,SUNRISE-6,DINNER,1459,2023-01-01
2,SUNRISE-6,LUNCH,516,2023-01-01
1,OASIS DINER,BREAKFAST,484,2023-01-02
1,OASIS DINER,DINNER,444,2023-01-02
1,OASIS DINER,LUNCH,271,2023-01-02
3,SUNRISE-1,BREAKFAST,236,2023-01-02
3,SUNRISE-1,DINNER,181,2023-01-02
3,SUNRISE-1,LUNCH,178,2023-01-02
5,SUNRISE-3,BREAKFAST,517,2023-01-02
5,SUNRISE-3,DINNER,475,2023-01-02
5,SUNRISE-3,LUNCH,619,2023-01-02
6,SUNRISE-4,BREAKFAST,647,2023-01-02
6,SUNRISE-4,LUNCH,513,2023-01-02
7,SUNRISE-5,BREAKFAST,1012,2023-01-02
7,SUNRISE-5,DINNER,859,2023-01-02
7,SUNRISE-5,LUNCH,792,2023-01-02
2,SUNRISE-6,BREAKFAST,1464,2023-01-02
2,SUNRISE-6,DINNER,1673,2023-01-02
2,SUNRISE-6,LUNCH,425,2023-01-02
1,OASIS DINER,BREAKFAST,488,2023-01-03
1,OASIS DINER,DINNER,440,2023-01-03
1,OASIS DINER,LUNCH,170,2023-01-03
3,SUNRISE-1,BREAKFAST,225,2023-01-03
3,SUNRISE-1,DINNER,171,2023-01-03
3,SUNRISE-1,LUNCH,186,2023-01-03
5,SUNRISE-3,BREAKFAST,365,2023-01-03
5,SUNRISE-3,DINNER,380,2023-01-03
5,SUNRISE-3,LUNCH,644,2023-01-03
6,SUNRISE-4,BREAKFAST,790,2023-01-03
6,SUNRISE-4,DINNER,682,2023-01-03
6,SUNRISE-4,LUNCH,516,2023-01-03
7,SUNRISE-5,BREAKFAST,1052,2023-01-03
7,SUNRISE-5,DINNER,1040,2023-01-03
7,SUNRISE-5,LUNCH,707,2023-01-03
2,SUNRISE-6,BREAKFAST,1480,2023-01-03
2,SUNRISE-6,DINNER,1684,2023-01-03
2,SUNRISE-6,LUNCH,272,2023-01-03
1,OASIS DINER,BREAKFAST,510,2023-01-04
1,OASIS DINER,DINNER,489,2023-01-04
1,OASIS DINER,LUNCH,189,2023-01-04
11,RSVD - REFINERY DINER 1,LUNCH,268,2023-01-04
3,SUNRISE-1,BREAKFAST,228,2023-01-04
3,SUNRISE-1,DINNER,158,2023-01-04
3,SUNRISE-1,LUNCH,156,2023-01-04
5,SUNRISE-3,BREAKFAST,393,2023-01-04
5,SUNRISE-3,DINNER,514,2023-01-04
5,SUNRISE-3,LUNCH,624,2023-01-04
6,SUNRISE-4,BREAKFAST,773,2023-01-04
6,SUNRISE-4,DINNER,878,2023-01-04
6,SUNRISE-4,LUNCH,563,2023-01-04
7,SUNRISE-5,BREAKFAST,1023,2023-01-04
7,SUNRISE-5,DINNER,776,2023-01-04
7,SUNRISE-5,LUNCH,714,2023-01-04
2,SUNRISE-6,BREAKFAST,1615,2023-01-04
2,SUNRISE-6,DINNER,1738,2023-01-04
2,SUNRISE-6,LUNCH,223,2023-01-04
1,OASIS DINER,BREAKFAST,503,2023-01-05
1,OASIS DINER,DINNER,363,2023-01-05
1,OASIS DINER,LUNCH,177,2023-01-05
11,RSVD - REFINERY DINER 1,LUNCH,235,2023-01-05
3,SUNRISE-1,BREAKFAST,224,2023-01-05
3,SUNRISE-1,DINNER,111,2023-01-05
3,SUNRISE-1,LUNCH,146,2023-01-05
5,SUNRISE-3,BREAKFAST,397,2023-01-05
5,SUNRISE-3,DINNER,237,2023-01-05
5,SUNRISE-3,LUNCH,623,2023-01-05
6,SUNRISE-4,BREAKFAST,802,2023-01-05
6,SUNRISE-4,DINNER,611,2023-01-05
6,SUNRISE-4,LUNCH,566,2023-01-05
7,SUNRISE-5,BREAKFAST,1020,2023-01-05
7,SUNRISE-5,DINNER,852,2023-01-05
7,SUNRISE-5,LUNCH,697,2023-01-05
2,SUNRISE-6,BREAKFAST,1666,2023-01-05
2,SUNRISE-6,DINNER,1643,2023-01-05
2,SUNRISE-6,LUNCH,186,2023-01-05
1,OASIS DINER,BREAKFAST,401,2023-01-06
1,OASIS DINER,DINNER,328,2023-01-06
1,OASIS DINER,LUNCH,405,2023-01-06
3,SUNRISE-1,BREAKFAST,123,2023-01-06
3,SUNRISE-1,DINNER,103,2023-01-06
3,SUNRISE-1,LUNCH,197,2023-01-06
5,SUNRISE-3,BREAKFAST,7,2023-01-06
5,SUNRISE-3,DINNER,133,2023-01-06
5,SUNRISE-3,LUNCH,603,2023-01-06
6,SUNRISE-4,BREAKFAST,452,2023-01-06
6,SUNRISE-4,DINNER,555,2023-01-06
6,SUNRISE-4,LUNCH,921,2023-01-06
7,SUNRISE-5,BREAKFAST,552,2023-01-06
7,SUNRISE-5,DINNER,500,2023-01-06
7,SUNRISE-5,LUNCH,809,2023-01-06
2,SUNRISE-6,BREAKFAST,1486,2023-01-06
2,SUNRISE-6,DINNER,1534,2023-01-06
2,SUNRISE-6,LUNCH,816,2023-01-06
1,OASIS DINER,BREAKFAST,482,2023-01-07
1,OASIS DINER,DINNER,472,2023-01-07
1,OASIS DINER,LUNCH,184,2023-01-07
11,RSVD - REFINERY DINER 1,LUNCH,214,2023-01-07
3,SUNRISE-1,BREAKFAST,209,2023-01-07
3,SUNRISE-1,DINNER,184,2023-01-07
3,SUNRISE-1,LUNCH,157,2023-01-07
5,SUNRISE-3,BREAKFAST,389,2023-01-07
5,SUNRISE-3,DINNER,251,2023-01-07
5,SUNRISE-3,LUNCH,573,2023-01-07
6,SUNRISE-4,BREAKFAST,608,2023-01-07
6,SUNRISE-4,DINNER,822,2023-01-07
6,SUNRISE-4,LUNCH,555,2023-01-07
7,SUNRISE-5,BREAKFAST,984,2023-01-07
7,SUNRISE-5,DINNER,981,2023-01-07
7,SUNRISE-5,LUNCH,737,2023-01-07
2,SUNRISE-6,BREAKFAST,1640,2023-01-07
2,SUNRISE-6,DINNER,1503,2023-01-07
2,SUNRISE-6,LUNCH,427,2023-01-07
1,OASIS DINER,BREAKFAST,519,2023-01-08
1,OASIS DINER,DINNER,464,2023-01-08
1,OASIS DINER,LUNCH,208,2023-01-08
11,RSVD - REFINERY DINER 1,LUNCH,276,2023-01-08
3,SUNRISE-1,BREAKFAST,227,2023-01-08
3,SUNRISE-1,DINNER,183,2023-01-08
3,SUNRISE-1,LUNCH,160,2023-01-08
5,SUNRISE-3,BREAKFAST,373,2023-01-08
5,SUNRISE-3,DINNER,355,2023-01-08
5,SUNRISE-3,LUNCH,642,2023-01-08
6,SUNRISE-4,BREAKFAST,744,2023-01-08
6,SUNRISE-4,DINNER,854,2023-01-08
6,SUNRISE-4,LUNCH,567,2023-01-08
7,SUNRISE-5,BREAKFAST,1070,2023-01-08
7,SUNRISE-5,DINNER,837,2023-01-08
7,SUNRISE-5,LUNCH,615,2023-01-08
2,SUNRISE-6,BREAKFAST,1649,2023-01-08
2,SUNRISE-6,DINNER,1795,2023-01-08
2,SUNRISE-6,LUNCH,128,2023-01-08
1,OASIS DINER,BREAKFAST,538,2023-01-09
1,OASIS DINER,DINNER,468,2023-01-09
1,OASIS DINER,LUNCH,185,2023-01-09
11,RSVD - REFINERY DINER 1,LUNCH,282,2023-01-09
3,SUNRISE-1,BREAKFAST,239,2023-01-09
3,SUNRISE-1,DINNER,181,2023-01-09
3,SUNRISE-1,LUNCH,179,2023-01-09
5,SUNRISE-3,BREAKFAST,344,2023-01-09
5,SUNRISE-3,DINNER,350,2023-01-09
5,SUNRISE-3,LUNCH,573,2023-01-09
6,SUNRISE-4,BREAKFAST,795,2023-01-09
6,SUNRISE-4,DINNER,905,2023-01-09
6,SUNRISE-4,LUNCH,520,2023-01-09
7,SUNRISE-5,BREAKFAST,1023,2023-01-09
7,SUNRISE-5,DINNER,830,2023-01-09
7,SUNRISE-5,LUNCH,704,2023-01-09
2,SUNRISE-6,BREAKFAST,1726,2023-01-09
2,SUNRISE-6,DINNER,1629,2023-01-09
2,SUNRISE-6,LUNCH,277,2023-01-09
1,OASIS DINER,BREAKFAST,554,2023-01-10
1,OASIS DINER,DINNER,463,2023-01-10
1,OASIS DINER,LUNCH,203,2023-01-10
11,RSVD - REFINERY DINER 1,LUNCH,265,2023-01-10
3,SUNRISE-1,BREAKFAST,223,2023-01-10
3,SUNRISE-1,DINNER,169,2023-01-10
3,SUNRISE-1,LUNCH,164,2023-01-10
5,SUNRISE-3,BREAKFAST,335,2023-01-10
5,SUNRISE-3,DINNER,275,2023-01-10
5,SUNRISE-3,LUNCH,605,2023-01-10
6,SUNRISE-4,BREAKFAST,786,2023-01-10
6,SUNRISE-4,DINNER,725,2023-01-10
6,SUNRISE-4,LUNCH,484,2023-01-10
7,SUNRISE-5,BREAKFAST,1016,2023-01-10
7,SUNRISE-5,DINNER,1059,2023-01-10
7,SUNRISE-5,LUNCH,740,2023-01-10
2,SUNRISE-6,BREAKFAST,1646,2023-01-10
2,SUNRISE-6,DINNER,1653,2023-01-10
2,SUNRISE-6,LUNCH,380,2023-01-10
1,OASIS DINER,BREAKFAST,570,2023-01-11
1,OASIS DINER,DINNER,457,2023-01-11
1,OASIS DINER,LUNCH,219,2023-01-11
11,RSVD - REFINERY DINER 1,LUNCH,110,2023-01-11
3,SUNRISE-1,BREAKFAST,216,2023-01-11
3,SUNRISE-1,DINNER,171,2023-01-11
3,SUNRISE-1,LUNCH,153,2023-01-11
5,SUNRISE-3,BREAKFAST,381,2023-01-11
5,SUNRISE-3,DINNER,99,2023-01-11
5,SUNRISE-3,LUNCH,575,2023-01-11
6,SUNRISE-4,BREAKFAST,780,2023-01-11
6,SUNRISE-4,DINNER,1245,2023-01-11
6,SUNRISE-4,LUNCH,565,2023-01-11
7,SUNRISE-5,BREAKFAST,1002,2023-01-11
7,SUNRISE-5,DINNER,778,2023-01-11
7,SUNRISE-5,LUNCH,632,2023-01-11
2,SUNRISE-6,BREAKFAST,1488,2023-01-11
2,SUNRISE-6,DINNER,1705,2023-01-11
2,SUNRISE-6,LUNCH,278,2023-01-11
18,SUNRISE7,DINNER,10,2023-01-11
1,OASIS DINER,BREAKFAST,531,2023-01-12
1,OASIS DINER,DINNER,323,2023-01-12
1,OASIS DINER,LUNCH,184,2023-01-12
11,RSVD - REFINERY DINER 1,LUNCH,258,2023-01-12
3,SUNRISE-1,BREAKFAST,209,2023-01-12
3,SUNRISE-1,DINNER,107,2023-01-12
3,SUNRISE-1,LUNCH,160,2023-01-12
5,SUNRISE-3,BREAKFAST,302,2023-01-12
5,SUNRISE-3,DINNER,77,2023-01-12
5,SUNRISE-3,LUNCH,576,2023-01-12
6,SUNRISE-4,BREAKFAST,811,2023-01-12
6,SUNRISE-4,DINNER,651,2023-01-12
6,SUNRISE-4,LUNCH,591,2023-01-12
7,SUNRISE-5,BREAKFAST,1012,2023-01-12
7,SUNRISE-5,DINNER,994,2023-01-12
7,SUNRISE-5,LUNCH,694,2023-01-12
2,SUNRISE-6,BREAKFAST,1605,2023-01-12
2,SUNRISE-6,DINNER,1570,2023-01-12
2,SUNRISE-6,LUNCH,360,2023-01-12
18,SUNRISE7,BREAKFAST,138,2023-01-12
18,SUNRISE7,DINNER,104,2023-01-12
18,SUNRISE7,LUNCH,161,2023-01-12
1,OASIS DINER,BREAKFAST,398,2023-01-13
1,OASIS DINER,DINNER,330,2023-01-13
1,OASIS DINER,LUNCH,387,2023-01-13
3,SUNRISE-1,BREAKFAST,132,2023-01-13
3,SUNRISE-1,DINNER,101,2023-01-13
3,SUNRISE-1,LUNCH,172,2023-01-13
5,SUNRISE-3,BREAKFAST,53,2023-01-13
5,SUNRISE-3,DINNER,180,2023-01-13
5,SUNRISE-3,LUNCH,565,2023-01-13
6,SUNRISE-4,BREAKFAST,474,2023-01-13
6,SUNRISE-4,DINNER,571,2023-01-13
6,SUNRISE-4,LUNCH,949,2023-01-13
7,SUNRISE-5,BREAKFAST,597,2023-01-13
7,SUNRISE-5,DINNER,510,2023-01-13
7,SUNRISE-5,LUNCH,788,2023-01-13
2,SUNRISE-6,BREAKFAST,1432,2023-01-13
2,SUNRISE-6,DINNER,1496,2023-01-13
2,SUNRISE-6,LUNCH,791,2023-01-13
18,SUNRISE7,BREAKFAST,164,2023-01-13
18,SUNRISE7,DINNER,90,2023-01-13
1,OASIS DINER,BREAKFAST,487,2023-01-14
1,OASIS DINER,DINNER,443,2023-01-14
1,OASIS DINER,LUNCH,163,2023-01-14
11,RSVD - REFINERY DINER 1,LUNCH,254,2023-01-14
3,SUNRISE-1,BREAKFAST,192,2023-01-14
3,SUNRISE-1,DINNER,175,2023-01-14
3,SUNRISE-1,LUNCH,175,2023-01-14
5,SUNRISE-3,BREAKFAST,344,2023-01-14
5,SUNRISE-3,DINNER,220,2023-01-14
5,SUNRISE-3,LUNCH,474,2023-01-14
6,SUNRISE-4,BREAKFAST,658,2023-01-14
6,SUNRISE-4,DINNER,769,2023-01-14
6,SUNRISE-4,LUNCH,584,2023-01-14
7,SUNRISE-5,BREAKFAST,953,2023-01-14
7,SUNRISE-5,DINNER,1012,2023-01-14
7,SUNRISE-5,LUNCH,748,2023-01-14
2,SUNRISE-6,BREAKFAST,1555,2023-01-14
2,SUNRISE-6,DINNER,1506,2023-01-14
2,SUNRISE-6,LUNCH,433,2023-01-14
18,SUNRISE7,BREAKFAST,149,2023-01-14
18,SUNRISE7,DINNER,125,2023-01-14
18,SUNRISE7,LUNCH,118,2023-01-14
1,OASIS DINER,BREAKFAST,503,2023-01-15
1,OASIS DINER,DINNER,433,2023-01-15
1,OASIS DINER,LUNCH,166,2023-01-15
11,RSVD - REFINERY DINER 1,LUNCH,262,2023-01-15
3,SUNRISE-1,BREAKFAST,222,2023-01-15
3,SUNRISE-1,DINNER,193,2023-01-15
3,SUNRISE-1,LUNCH,174,2023-01-15
5,SUNRISE-3,BREAKFAST,367,2023-01-15
5,SUNRISE-3,DINNER,1056,2023-01-15
5,SUNRISE-3,LUNCH,512,2023-01-15
6,SUNRISE-4,BREAKFAST,667,2023-01-15
6,SUNRISE-4,LUNCH,525,2023-01-15
7,SUNRISE-5,BREAKFAST,843,2023-01-15
7,SUNRISE-5,DINNER,806,2023-01-15
7,SUNRISE-5,LUNCH,606,2023-01-15
2,SUNRISE-6,BREAKFAST,1519,2023-01-15
2,SUNRISE-6,DINNER,1721,2023-01-15
2,SUNRISE-6,LUNCH,357,2023-01-15
18,SUNRISE7,BREAKFAST,165,2023-01-15
18,SUNRISE7,DINNER,127,2023-01-15
1,OASIS DINER,BREAKFAST,538,2023-01-16
1,OASIS DINER,DINNER,467,2023-01-16
1,OASIS DINER,LUNCH,187,2023-01-16
11,RSVD - REFINERY DINER 1,LUNCH,302,2023-01-16
3,SUNRISE-1,BREAKFAST,205,2023-01-16
3,SUNRISE-1,DINNER,217,2023-01-16
3,SUNRISE-1,LUNCH,151,2023-01-16
4,SUNRISE-2,LUNCH,87,2023-01-16
5,SUNRISE-3,BREAKFAST,1043,2023-01-16
5,SUNRISE-3,DINNER,1246,2023-01-16
5,SUNRISE-3,LUNCH,862,2023-01-16
7,SUNRISE-5,BREAKFAST,1017,2023-01-16
7,SUNRISE-5,DINNER,835,2023-01-16
7,SUNRISE-5,LUNCH,713,2023-01-16
2,SUNRISE-6,BREAKFAST,1651,2023-01-16
2,SUNRISE-6,DINNER,1661,2023-01-16
2,SUNRISE-6,LUNCH,362,2023-01-16
18,SUNRISE7,BREAKFAST,156,2023-01-16
18,SUNRISE7,DINNER,155,2023-01-16
18,SUNRISE7,LUNCH,103,2023-01-16
1,OASIS DINER,BREAKFAST,547,2023-01-17
1,OASIS DINER,DINNER,496,2023-01-17
1,OASIS DINER,LUNCH,182,2023-01-17
11,RSVD - REFINERY DINER 1,LUNCH,310,2023-01-17
3,SUNRISE-1,BREAKFAST,210,2023-01-17
3,SUNRISE-1,DINNER,172,2023-01-17
3,SUNRISE-1,LUNCH,157,2023-01-17
4,SUNRISE-2,LUNCH,197,2023-01-17
5,SUNRISE-3,BREAKFAST,942,2023-01-17
5,SUNRISE-3,DINNER,995,2023-01-17
5,SUNRISE-3,LUNCH,663,2023-01-17
7,SUNRISE-5,BREAKFAST,997,2023-01-17
7,SUNRISE-5,DINNER,1002,2023-01-17
7,SUNRISE-5,LUNCH,661,2023-01-17
2,SUNRISE-6,BREAKFAST,1648,2023-01-17
2,SUNRISE-6,DINNER,1730,2023-01-17
2,SUNRISE-6,LUNCH,597,2023-01-17
18,SUNRISE7,DINNER,171,2023-01-17
18,SUNRISE7,LUNCH,160,2023-01-17
1,OASIS DINER,BREAKFAST,552,2023-01-18
1,OASIS DINER,DINNER,441,2023-01-18
1,OASIS DINER,LUNCH,176,2023-01-18
11,RSVD - REFINERY DINER 1,LUNCH,288,2023-01-18
3,SUNRISE-1,BREAKFAST,198,2023-01-18
3,SUNRISE-1,DINNER,171,2023-01-18
3,SUNRISE-1,LUNCH,151,2023-01-18
4,SUNRISE-2,LUNCH,195,2023-01-18
5,SUNRISE-3,BREAKFAST,1013,2023-01-18
5,SUNRISE-3,DINNER,1347,2023-01-18
5,SUNRISE-3,LUNCH,795,2023-01-18
7,SUNRISE-5,BREAKFAST,989,2023-01-18
7,SUNRISE-5,DINNER,709,2023-01-18
7,SUNRISE-5,LUNCH,623,2023-01-18
2,SUNRISE-6,BREAKFAST,1601,2023-01-18
2,SUNRISE-6,DINNER,1594,2023-01-18
2,SUNRISE-6,LUNCH,409,2023-01-18
18,SUNRISE7,BREAKFAST,163,2023-01-18
18,SUNRISE7,DINNER,160,2023-01-18
18,SUNRISE7,LUNCH,168,2023-01-18
1,OASIS DINER,BREAKFAST,544,2023-01-19
1,OASIS DINER,DINNER,331,2023-01-19
1,OASIS DINER,LUNCH,187,2023-01-19
11,RSVD - REFINERY DINER 1,LUNCH,270,2023-01-19
3,SUNRISE-1,BREAKFAST,179,2023-01-19
3,SUNRISE-1,DINNER,113,2023-01-19
3,SUNRISE-1,LUNCH,142,2023-01-19
4,SUNRISE-2,LUNCH,161,2023-01-19
5,SUNRISE-3,BREAKFAST,980,2023-01-19
5,SUNRISE-3,DINNER,853,2023-01-19
5,SUNRISE-3,LUNCH,711,2023-01-19
7,SUNRISE-5,BREAKFAST,908,2023-01-19
7,SUNRISE-5,DINNER,1018,2023-01-19
7,SUNRISE-5,LUNCH,660,2023-01-19
2,SUNRISE-6,BREAKFAST,1667,2023-01-19
2,SUNRISE-6,DINNER,1674,2023-01-19
2,SUNRISE-6,LUNCH,289,2023-01-19
18,SUNRISE7,BREAKFAST,153,2023-01-19
18,SUNRISE7,DINNER,159,2023-01-19
18,SUNRISE7,LUNCH,185,2023-01-19
1,OASIS DINER,BREAKFAST,389,2023-01-20
1,OASIS DINER,DINNER,339,2023-01-20
1,OASIS DINER,LUNCH,385,2023-01-20
3,SUNRISE-1,BREAKFAST,124,2023-01-20
3,SUNRISE-1,DINNER,131,2023-01-20
3,SUNRISE-1,LUNCH,175,2023-01-20
4,SUNRISE-2,LUNCH,14,2023-01-20
5,SUNRISE-3,BREAKFAST,446,2023-01-20
5,SUNRISE-3,DINNER,750,2023-01-20
5,SUNRISE-3,LUNCH,1436,2023-01-20
7,SUNRISE-5,BREAKFAST,547,2023-01-20
7,SUNRISE-5,DINNER,589,2023-01-20
7,SUNRISE-5,LUNCH,776,2023-01-20
2,SUNRISE-6,BREAKFAST,1507,2023-01-20
2,SUNRISE-6,DINNER,1605,2023-01-20
2,SUNRISE-6,LUNCH,874,2023-01-20
18,SUNRISE7,BREAKFAST,156,2023-01-20
18,SUNRISE7,DINNER,179,2023-01-20
18,SUNRISE7,LUNCH,72,2023-01-20
1,OASIS DINER,BREAKFAST,478,2023-01-21
1,OASIS DINER,DINNER,469,2023-01-21
1,OASIS DINER,LUNCH,172,2023-01-21
11,RSVD - REFINERY DINER 1,LUNCH,268,2023-01-21
3,SUNRISE-1,BREAKFAST,198,2023-01-21
3,SUNRISE-1,DINNER,170,2023-01-21
3,SUNRISE-1,LUNCH,163,2023-01-21
4,SUNRISE-2,LUNCH,130,2023-01-21
5,SUNRISE-3,BREAKFAST,883,2023-01-21
5,SUNRISE-3,DINNER,941,2023-01-21
5,SUNRISE-3,LUNCH,893,2023-01-21
7,SUNRISE-5,BREAKFAST,943,2023-01-21
7,SUNRISE-5,DINNER,972,2023-01-21
7,SUNRISE-5,LUNCH,702,2023-01-21
2,SUNRISE-6,BREAKFAST,1649,2023-01-21
2,SUNRISE-6,DINNER,1597,2023-01-21
2,SUNRISE-6,LUNCH,629,2023-01-21
18,SUNRISE7,BREAKFAST,257,2023-01-21
18,SUNRISE7,DINNER,259,2023-01-21
18,SUNRISE7,LUNCH,295,2023-01-21
1,OASIS DINER,BREAKFAST,524,2023-01-22
1,OASIS DINER,DINNER,406,2023-01-22
1,OASIS DINER,LUNCH,176,2023-01-22
11,RSVD - REFINERY DINER 1,LUNCH,292,2023-01-22
3,SUNRISE-1,BREAKFAST,214,2023-01-22
3,SUNRISE-1,DINNER,193,2023-01-22
3,SUNRISE-1,LUNCH,158,2023-01-22
4,SUNRISE-2,LUNCH,97,2023-01-22
5,SUNRISE-3,BREAKFAST,999,2023-01-22
5,SUNRISE-3,DINNER,730,2023-01-22
5,SUNRISE-3,LUNCH,970,2023-01-22
7,SUNRISE-5,BREAKFAST,1036,2023-01-22
7,SUNRISE-5,DINNER,698,2023-01-22
7,SUNRISE-5,LUNCH,586,2023-01-22
2,SUNRISE-6,BREAKFAST,1597,2023-01-22
2,SUNRISE-6,DINNER,1250,2023-01-22
2,SUNRISE-6,LUNCH,284,2023-01-22
18,SUNRISE7,BREAKFAST,299,2023-01-22
18,SUNRISE7,DINNER,170,2023-01-22
18,SUNRISE7,LUNCH,108,2023-01-22
1,OASIS DINER,BREAKFAST,548,2023-01-23
1,OASIS DINER,DINNER,486,2023-01-23
1,OASIS DINER,LUNCH,176,2023-01-23
3,SUNRISE-1,BREAKFAST,230,2023-01-23
3,SUNRISE-1,DINNER,189,2023-01-23
3,SUNRISE-1,LUNCH,142,2023-01-23
4,SUNRISE-2,LUNCH,147,2023-01-23
5,SUNRISE-3,BREAKFAST,1005,2023-01-23
5,SUNRISE-3,DINNER,1256,2023-01-23
5,SUNRISE-3,LUNCH,385,2023-01-23
7,SUNRISE-5,BREAKFAST,1027,2023-01-23
7,SUNRISE-5,DINNER,789,2023-01-23
7,SUNRISE-5,LUNCH,525,2023-01-23
2,SUNRISE-6,BREAKFAST,1683,2023-01-23
2,SUNRISE-6,DINNER,1264,2023-01-23
2,SUNRISE-6,LUNCH,210,2023-01-23
18,SUNRISE7,BREAKFAST,443,2023-01-23
18,SUNRISE7,DINNER,357,2023-01-23
1,OASIS DINER,BREAKFAST,557,2023-01-24
1,OASIS DINER,DINNER,485,2023-01-24
1,OASIS DINER,LUNCH,171,2023-01-24
11,RSVD - REFINERY DINER 1,LUNCH,303,2023-01-24
3,SUNRISE-1,BREAKFAST,206,2023-01-24
3,SUNRISE-1,DINNER,177,2023-01-24
3,SUNRISE-1,LUNCH,154,2023-01-24
4,SUNRISE-2,LUNCH,187,2023-01-24
5,SUNRISE-3,BREAKFAST,1030,2023-01-24
5,SUNRISE-3,DINNER,1015,2023-01-24
5,SUNRISE-3,LUNCH,807,2023-01-24
7,SUNRISE-5,BREAKFAST,1015,2023-01-24
7,SUNRISE-5,DINNER,1014,2023-01-24
7,SUNRISE-5,LUNCH,662,2023-01-24
2,SUNRISE-6,BREAKFAST,1615,2023-01-24
2,SUNRISE-6,DINNER,1343,2023-01-24
2,SUNRISE-6,LUNCH,321,2023-01-24
18,SUNRISE7,BREAKFAST,395,2023-01-24
18,SUNRISE7,DINNER,364,2023-01-24
18,SUNRISE7,LUNCH,74,2023-01-24
1,OASIS DINER,BREAKFAST,568,2023-01-25
1,OASIS DINER,DINNER,464,2023-01-25
1,OASIS DINER,LUNCH,168,2023-01-25
11,RSVD - REFINERY DINER 1,LUNCH,289,2023-01-25
3,SUNRISE-1,BREAKFAST,214,2023-01-25
3,SUNRISE-1,DINNER,168,2023-01-25
3,SUNRISE-1,LUNCH,151,2023-01-25
4,SUNRISE-2,LUNCH,151,2023-01-25
5,SUNRISE-3,BREAKFAST,1063,2023-01-25
5,SUNRISE-3,DINNER,1341,2023-01-25
5,SUNRISE-3,LUNCH,878,2023-01-25
7,SUNRISE-5,BREAKFAST,979,2023-01-25
7,SUNRISE-5,DINNER,685,2023-01-25
7,SUNRISE-5,LUNCH,589,2023-01-25
2,SUNRISE-6,BREAKFAST,1537,2023-01-25
2,SUNRISE-6,DINNER,1493,2023-01-25
2,SUNRISE-6,LUNCH,154,2023-01-25
18,SUNRISE7,BREAKFAST,429,2023-01-25
18,SUNRISE7,DINNER,341,2023-01-25
18,SUNRISE7,LUNCH,319,2023-01-25
1,OASIS DINER,BREAKFAST,543,2023-01-26
1,OASIS DINER,DINNER,336,2023-01-26
1,OASIS DINER,LUNCH,178,2023-01-26
11,RSVD - REFINERY DINER 1,LUNCH,271,2023-01-26
3,SUNRISE-1,BREAKFAST,218,2023-01-26
3,SUNRISE-1,DINNER,134,2023-01-26
3,SUNRISE-1,LUNCH,152,2023-01-26
4,SUNRISE-2,LUNCH,197,2023-01-26
5,SUNRISE-3,BREAKFAST,1060,2023-01-26
5,SUNRISE-3,DINNER,925,2023-01-26
5,SUNRISE-3,LUNCH,810,2023-01-26
7,SUNRISE-5,BREAKFAST,1032,2023-01-26
7,SUNRISE-5,DINNER,1010,2023-01-26
7,SUNRISE-5,LUNCH,709,2023-01-26
2,SUNRISE-6,BREAKFAST,1516,2023-01-26
2,SUNRISE-6,DINNER,1393,2023-01-26
2,SUNRISE-6,LUNCH,180,2023-01-26
18,SUNRISE7,BREAKFAST,380,2023-01-26
18,SUNRISE7,DINNER,401,2023-01-26
18,SUNRISE7,LUNCH,43,2023-01-26
1,OASIS DINER,BREAKFAST,367,2023-01-27
1,OASIS DINER,DINNER,322,2023-01-27
1,OASIS DINER,LUNCH,376,2023-01-27
3,SUNRISE-1,BREAKFAST,138,2023-01-27
3,SUNRISE-1,DINNER,116,2023-01-27
3,SUNRISE-1,LUNCH,192,2023-01-27
4,SUNRISE-2,LUNCH,20,2023-01-27
5,SUNRISE-3,BREAKFAST,446,2023-01-27
5,SUNRISE-3,DINNER,853,2023-01-27
5,SUNRISE-3,LUNCH,1424,2023-01-27
7,SUNRISE-5,BREAKFAST,549,2023-01-27
7,SUNRISE-5,DINNER,150,2023-01-27
7,SUNRISE-5,LUNCH,771,2023-01-27
2,SUNRISE-6,BREAKFAST,722,2023-01-27
2,SUNRISE-6,DINNER,1268,2023-01-27
2,SUNRISE-6,LUNCH,675,2023-01-27
18,SUNRISE7,BREAKFAST,398,2023-01-27
18,SUNRISE7,DINNER,368,2023-01-27
1,OASIS DINER,BREAKFAST,493,2023-01-28
1,OASIS DINER,DINNER,441,2023-01-28
1,OASIS DINER,LUNCH,160,2023-01-28
11,RSVD - REFINERY DINER 1,LUNCH,271,2023-01-28
3,SUNRISE-1,BREAKFAST,209,2023-01-28
3,SUNRISE-1,DINNER,187,2023-01-28
3,SUNRISE-1,LUNCH,157,2023-01-28
4,SUNRISE-2,LUNCH,136,2023-01-28
5,SUNRISE-3,BREAKFAST,846,2023-01-28
5,SUNRISE-3,DINNER,1068,2023-01-28
5,SUNRISE-3,LUNCH,969,2023-01-28
7,SUNRISE-5,BREAKFAST,968,2023-01-28
7,SUNRISE-5,DINNER,356,2023-01-28
7,SUNRISE-5,LUNCH,672,2023-01-28
2,SUNRISE-6,BREAKFAST,1474,2023-01-28
2,SUNRISE-6,DINNER,1310,2023-01-28
2,SUNRISE-6,LUNCH,414,2023-01-28
18,SUNRISE7,BREAKFAST,468,2023-01-28
18,SUNRISE7,DINNER,286,2023-01-28
18,SUNRISE7,LUNCH,396,2023-01-28
1,OASIS DINER,BREAKFAST,512,2023-01-29
1,OASIS DINER,DINNER,412,2023-01-29
1,OASIS DINER,LUNCH,142,2023-01-29
11,RSVD - REFINERY DINER 1,LUNCH,315,2023-01-29
3,SUNRISE-1,BREAKFAST,225,2023-01-29
3,SUNRISE-1,DINNER,209,2023-01-29
3,SUNRISE-1,LUNCH,169,2023-01-29
5,SUNRISE-3,BREAKFAST,1074,2023-01-29
5,SUNRISE-3,DINNER,1180,2023-01-29
5,SUNRISE-3,LUNCH,1090,2023-01-29
7,SUNRISE-5,BREAKFAST,1066,2023-01-29
7,SUNRISE-5,DINNER,778,2023-01-29
7,SUNRISE-5,LUNCH,571,2023-01-29
2,SUNRISE-6,BREAKFAST,1507,2023-01-29
2,SUNRISE-6,DINNER,1629,2023-01-29
2,SUNRISE-6,LUNCH,280,2023-01-29
18,SUNRISE7,DINNER,31,2023-01-29
18,SUNRISE7,LUNCH,247,2023-01-29
1,OASIS DINER,BREAKFAST,542,2023-01-30
1,OASIS DINER,DINNER,458,2023-01-30
1,OASIS DINER,LUNCH,158,2023-01-30
11,RSVD - REFINERY DINER 1,LUNCH,296,2023-01-30
3,SUNRISE-1,BREAKFAST,221,2023-01-30
3,SUNRISE-1,DINNER,187,2023-01-30
3,SUNRISE-1,LUNCH,132,2023-01-30
4,SUNRISE-2,LUNCH,79,2023-01-30
5,SUNRISE-3,BREAKFAST,1071,2023-01-30
5,SUNRISE-3,DINNER,1274,2023-01-30
5,SUNRISE-3,LUNCH,891,2023-01-30
7,SUNRISE-5,BREAKFAST,1069,2023-01-30
7,SUNRISE-5,DINNER,789,2023-01-30
7,SUNRISE-5,LUNCH,654,2023-01-30
2,SUNRISE-6,BREAKFAST,1549,2023-01-30
2,SUNRISE-6,DINNER,1208,2023-01-30
2,SUNRISE-6,LUNCH,257,2023-01-30
18,SUNRISE7,BREAKFAST,469,2023-01-30
18,SUNRISE7,DINNER,202,2023-01-30
18,SUNRISE7,LUNCH,18,2023-01-30
1,OASIS DINER,BREAKFAST,523,2023-01-31
1,OASIS DINER,DINNER,416,2023-01-31
1,OASIS DINER,LUNCH,163,2023-01-31
11,RSVD - REFINERY DINER 1,LUNCH,287,2023-01-31
3,SUNRISE-1,BREAKFAST,222,2023-01-31
3,SUNRISE-1,DINNER,173,2023-01-31
3,SUNRISE-1,LUNCH,155,2023-01-31
4,SUNRISE-2,LUNCH,117,2023-01-31
5,SUNRISE-3,BREAKFAST,1032,2023-01-31
5,SUNRISE-3,DINNER,1005,2023-01-31
5,SUNRISE-3,LUNCH,894,2023-01-31
7,SUNRISE-5,BREAKFAST,1031,2023-01-31
7,SUNRISE-5,DINNER,1006,2023-01-31
7,SUNRISE-5,LUNCH,655,2023-01-31
2,SUNRISE-6,BREAKFAST,1561,2023-01-31
2,SUNRISE-6,DINNER,1536,2023-01-31
2,SUNRISE-6,LUNCH,450,2023-01-31
18,SUNRISE7,BREAKFAST,431,2023-01-31
18,SUNRISE7,DINNER,218,2023-01-31
1,OASIS DINER,BREAKFAST,551,2023-02-01
1,OASIS DINER,DINNER,431,2023-02-01
1,OASIS DINER,LUNCH,157,2023-02-01
11,RSVD - REFINERY DINER 1,LUNCH,198,2023-02-01
3,SUNRISE-1,BREAKFAST,207,2023-02-01
3,SUNRISE-1,DINNER,165,2023-02-01
3,SUNRISE-1,LUNCH,144,2023-02-01
4,SUNRISE-2,LUNCH,172,2023-02-01
5,SUNRISE-3,BREAKFAST,1098,2023-02-01
5,SUNRISE-3,DINNER,1280,2023-02-01
5,SUNRISE-3,LUNCH,838,2023-02-01
7,SUNRISE-5,BREAKFAST,950,2023-02-01
7,SUNRISE-5,DINNER,726,2023-02-01
7,SUNRISE-5,LUNCH,574,2023-02-01
2,SUNRISE-6,BREAKFAST,1514,2023-02-01
2,SUNRISE-6,DINNER,1501,2023-02-01
2,SUNRISE-6,LUNCH,377,2023-02-01
18,SUNRISE7,DINNER,125,2023-02-01
18,SUNRISE7,LUNCH,232,2023-02-01
1,OASIS DINER,BREAKFAST,536,2023-02-02
1,OASIS DINER,DINNER,299,2023-02-02
1,OASIS DINER,LUNCH,170,2023-02-02
11,RSVD - REFINERY DINER 1,LUNCH,210,2023-02-02
3,SUNRISE-1,BREAKFAST,209,2023-02-02
3,SUNRISE-1,DINNER,107,2023-02-02
3,SUNRISE-1,LUNCH,130,2023-02-02
4,SUNRISE-2,LUNCH,141,2023-02-02
5,SUNRISE-3,BREAKFAST,1082,2023-02-02
5,SUNRISE-3,DINNER,885,2023-02-02
5,SUNRISE-3,LUNCH,903,2023-02-02
7,SUNRISE-5,BREAKFAST,1003,2023-02-02
7,SUNRISE-5,DINNER,840,2023-02-02
7,SUNRISE-5,LUNCH,635,2023-02-02
2,SUNRISE-6,BREAKFAST,1562,2023-02-02
2,SUNRISE-6,DINNER,1477,2023-02-02
2,SUNRISE-6,LUNCH,254,2023-02-02
18,SUNRISE7,BREAKFAST,145,2023-02-02
18,SUNRISE7,DINNER,141,2023-02-02
18,SUNRISE7,LUNCH,160,2023-02-02
1,OASIS DINER,BREAKFAST,366,2023-02-03
1,OASIS DINER,DINNER,339,2023-02-03
1,OASIS DINER,LUNCH,343,2023-02-03
3,SUNRISE-1,BREAKFAST,126,2023-02-03
3,SUNRISE-1,DINNER,113,2023-02-03
3,SUNRISE-1,LUNCH,161,2023-02-03
4,SUNRISE-2,LUNCH,52,2023-02-03
5,SUNRISE-3,BREAKFAST,433,2023-02-03
5,SUNRISE-3,DINNER,279,2023-02-03
5,SUNRISE-3,LUNCH,1343,2023-02-03
7,SUNRISE-5,BREAKFAST,461,2023-02-03
7,SUNRISE-5,DINNER,457,2023-02-03
7,SUNRISE-5,LUNCH,719,2023-02-03
2,SUNRISE-6,BREAKFAST,1367,2023-02-03
2,SUNRISE-6,DINNER,1342,2023-02-03
2,SUNRISE-6,LUNCH,820,2023-02-03
18,SUNRISE7,BREAKFAST,157,2023-02-03
18,SUNRISE7,DINNER,130,2023-02-03
18,SUNRISE7,LUNCH,117,2023-02-03
1,OASIS DINER,BREAKFAST,466,2023-02-04
1,OASIS DINER,DINNER,445,2023-02-04
1,OASIS DINER,LUNCH,164,2023-02-04
11,RSVD - REFINERY DINER 1,LUNCH,260,2023-02-04
3,SUNRISE-1,BREAKFAST,206,2023-02-04
3,SUNRISE-1,DINNER,176,2023-02-04
3,SUNRISE-1,LUNCH,145,2023-02-04
4,SUNRISE-2,LUNCH,45,2023-02-04
5,SUNRISE-3,BREAKFAST,967,2023-02-04
5,SUNRISE-3,DINNER,1039,2023-02-04
5,SUNRISE-3,LUNCH,949,2023-02-04
7,SUNRISE-5,BREAKFAST,948,2023-02-04
7,SUNRISE-5,DINNER,883,2023-02-04
7,SUNRISE-5,LUNCH,644,2023-02-04
2,SUNRISE-6,BREAKFAST,1501,2023-02-04
2,SUNRISE-6,DINNER,1430,2023-02-04
2,SUNRISE-6,LUNCH,441,2023-02-04
18,SUNRISE7,BREAKFAST,143,2023-02-04
18,SUNRISE7,DINNER,157,2023-02-04
18,SUNRISE7,LUNCH,144,2023-02-04
1,OASIS DINER,BREAKFAST,494,2023-02-05
1,OASIS DINER,DINNER,421,2023-02-05
1,OASIS DINER,LUNCH,156,2023-02-05
11,RSVD - REFINERY DINER 1,LUNCH,238,2023-02-05
3,SUNRISE-1,BREAKFAST,234,2023-02-05
3,SUNRISE-1,DINNER,175,2023-02-05
3,SUNRISE-1,LUNCH,161,2023-02-05
4,SUNRISE-2,LUNCH,123,2023-02-05
5,SUNRISE-3,BREAKFAST,1095,2023-02-05
5,SUNRISE-3,DINNER,1216,2023-02-05
5,SUNRISE-3,LUNCH,950,2023-02-05
7,SUNRISE-5,BREAKFAST,969,2023-02-05
7,SUNRISE-5,DINNER,725,2023-02-05
7,SUNRISE-5,LUNCH,571,2023-02-05
2,SUNRISE-6,BREAKFAST,1514,2023-02-05
2,SUNRISE-6,DINNER,1662,2023-02-05
2,SUNRISE-6,LUNCH,246,2023-02-05
18,SUNRISE7,BREAKFAST,135,2023-02-05
18,SUNRISE7,DINNER,108,2023-02-05
18,SUNRISE7,LUNCH,124,2023-02-05
1,OASIS DINER,BREAKFAST,503,2023-02-06
1,OASIS DINER,DINNER,417,2023-02-06
1,OASIS DINER,LUNCH,150,2023-02-06
11,RSVD - REFINERY DINER 1,LUNCH,268,2023-02-06
3,SUNRISE-1,BREAKFAST,236,2023-02-06
3,SUNRISE-1,DINNER,194,2023-02-06
3,SUNRISE-1,LUNCH,151,2023-02-06
4,SUNRISE-2,LUNCH,192,2023-02-06
5,SUNRISE-3,BREAKFAST,935,2023-02-06
5,SUNRISE-3,DINNER,1249,2023-02-06
5,SUNRISE-3,LUNCH,780,2023-02-06
7,SUNRISE-5,BREAKFAST,962,2023-02-06
7,SUNRISE-5,DINNER,716,2023-02-06
7,SUNRISE-5,LUNCH,608,2023-02-06
2,SUNRISE-6,BREAKFAST,1559,2023-02-06
2,SUNRISE-6,DINNER,1571,2023-02-06
2,SUNRISE-6,LUNCH,257,2023-02-06
18,SUNRISE7,BREAKFAST,18,2023-02-06
18,SUNRISE7,DINNER,122,2023-02-06
18,SUNRISE7,LUNCH,132,2023-02-06
1,OASIS DINER,BREAKFAST,513,2023-02-07
1,OASIS DINER,DINNER,415,2023-02-07
1,OASIS DINER,LUNCH,152,2023-02-07
11,RSVD - REFINERY DINER 1,LUNCH,277,2023-02-07
3,SUNRISE-1,BREAKFAST,211,2023-02-07
3,SUNRISE-1,DINNER,178,2023-02-07
3,SUNRISE-1,LUNCH,160,2023-02-07
4,SUNRISE-2,LUNCH,136,2023-02-07
5,SUNRISE-3,BREAKFAST,1054,2023-02-07
5,SUNRISE-3,DINNER,533,2023-02-07
5,SUNRISE-3,LUNCH,847,2023-02-07
7,SUNRISE-5,BREAKFAST,966,2023-02-07
7,SUNRISE-5,DINNER,849,2023-02-07
7,SUNRISE-5,LUNCH,616,2023-02-07
2,SUNRISE-6,BREAKFAST,1523,2023-02-07
2,SUNRISE-6,DINNER,1636,2023-02-07
2,SUNRISE-6,LUNCH,317,2023-02-07
18,SUNRISE7,BREAKFAST,113,2023-02-07
18,SUNRISE7,DINNER,100,2023-02-07
18,SUNRISE7,LUNCH,138,2023-02-07
1,OASIS DINER,BREAKFAST,513,2023-02-08
1,OASIS DINER,DINNER,406,2023-02-08
1,OASIS DINER,LUNCH,149,2023-02-08
11,RSVD - REFINERY DINER 1,LUNCH,275,2023-02-08
3,SUNRISE-1,BREAKFAST,219,2023-02-08
3,SUNRISE-1,DINNER,171,2023-02-08
3,SUNRISE-1,LUNCH,160,2023-02-08
4,SUNRISE-2,LUNCH,153,2023-02-08
5,SUNRISE-3,BREAKFAST,1054,2023-02-08
5,SUNRISE-3,DINNER,1241,2023-02-08
5,SUNRISE-3,LUNCH,866,2023-02-08
7,SUNRISE-5,BREAKFAST,970,2023-02-08
7,SUNRISE-5,DINNER,663,2023-02-08
7,SUNRISE-5,LUNCH,584,2023-02-08
2,SUNRISE-6,BREAKFAST,1557,2023-02-08
2,SUNRISE-6,DINNER,1601,2023-02-08
2,SUNRISE-6,LUNCH,227,2023-02-08
18,SUNRISE7,BREAKFAST,95,2023-02-08
18,SUNRISE7,DINNER,99,2023-02-08
18,SUNRISE7,LUNCH,111,2023-02-08
1,OASIS DINER,BREAKFAST,521,2023-02-09
1,OASIS DINER,DINNER,299,2023-02-09
1,OASIS DINER,LUNCH,153,2023-02-09
11,RSVD - REFINERY DINER 1,LUNCH,243,2023-02-09
3,SUNRISE-1,BREAKFAST,219,2023-02-09
3,SUNRISE-1,DINNER,102,2023-02-09
3,SUNRISE-1,LUNCH,153,2023-02-09
4,SUNRISE-2,LUNCH,121,2023-02-09
5,SUNRISE-3,BREAKFAST,1037,2023-02-09
5,SUNRISE-3,DINNER,896,2023-02-09
5,SUNRISE-3,LUNCH,901,2023-02-09
7,SUNRISE-5,BREAKFAST,948,2023-02-09
7,SUNRISE-5,DINNER,863,2023-02-09
7,SUNRISE-5,LUNCH,612,2023-02-09
2,SUNRISE-6,BREAKFAST,1519,2023-02-09
2,SUNRISE-6,DINNER,1441,2023-02-09
2,SUNRISE-6,LUNCH,391,2023-02-09
18,SUNRISE7,BREAKFAST,106,2023-02-09
18,SUNRISE7,DINNER,90,2023-02-09
18,SUNRISE7,LUNCH,116,2023-02-09
1,OASIS DINER,BREAKFAST,363,2023-02-10
1,OASIS DINER,DINNER,312,2023-02-10
1,OASIS DINER,LUNCH,348,2023-02-10
3,SUNRISE-1,BREAKFAST,144,2023-02-10
3,SUNRISE-1,DINNER,119,2023-02-10
3,SUNRISE-1,LUNCH,171,2023-02-10
5,SUNRISE-3,BREAKFAST,444,2023-02-10
5,SUNRISE-3,DINNER,689,2023-02-10
5,SUNRISE-3,LUNCH,1362,2023-02-10
7,SUNRISE-5,BREAKFAST,521,2023-02-10
7,SUNRISE-5,DINNER,476,2023-02-10
7,SUNRISE-5,LUNCH,687,2023-02-10
2,SUNRISE-6,BREAKFAST,1420,2023-02-10
2,SUNRISE-6,DINNER,1328,2023-02-10
2,SUNRISE-6,LUNCH,854,2023-02-10
18,SUNRISE7,BREAKFAST,114,2023-02-10
18,SUNRISE7,DINNER,106,2023-02-10
18,SUNRISE7,LUNCH,122,2023-02-10
1,OASIS DINER,BREAKFAST,453,2023-02-11
1,OASIS DINER,DINNER,448,2023-02-11
1,OASIS DINER,LUNCH,129,2023-02-11
11,RSVD - REFINERY DINER 1,LUNCH,265,2023-02-11
3,SUNRISE-1,BREAKFAST,216,2023-02-11
3,SUNRISE-1,DINNER,175,2023-02-11
3,SUNRISE-1,LUNCH,134,2023-02-11
4,SUNRISE-2,LUNCH,139,2023-02-11
5,SUNRISE-3,BREAKFAST,962,2023-02-11
5,SUNRISE-3,DINNER,1036,2023-02-11
5,SUNRISE-3,LUNCH,927,2023-02-11
7,SUNRISE-5,BREAKFAST,913,2023-02-11
7,SUNRISE-5,DINNER,820,2023-02-11
7,SUNRISE-5,LUNCH,564,2023-02-11
2,SUNRISE-6,BREAKFAST,1529,2023-02-11
2,SUNRISE-6,DINNER,1392,2023-02-11
2,SUNRISE-6,LUNCH,453,2023-02-11
18,SUNRISE7,BREAKFAST,133,2023-02-11
18,SUNRISE7,DINNER,104,2023-02-11
18,SUNRISE7,LUNCH,87,2023-02-11
1,OASIS DINER,BREAKFAST,511,2023-02-12
1,OASIS DINER,DINNER,426,2023-02-12
1,OASIS DINER,LUNCH,146,2023-02-12
11,RSVD - REFINERY DINER 1,LUNCH,304,2023-02-12
3,SUNRISE-1,BREAKFAST,229,2023-02-12
3,SUNRISE-1,DINNER,226,2023-02-12
3,SUNRISE-1,LUNCH,153,2023-02-12
4,SUNRISE-2,LUNCH,127,2023-02-12
5,SUNRISE-3,BREAKFAST,1042,2023-02-12
5,SUNRISE-3,DINNER,1236,2023-02-12
5,SUNRISE-3,LUNCH,976,2023-02-12
7,SUNRISE-5,BREAKFAST,984,2023-02-12
7,SUNRISE-5,DINNER,699,2023-02-12
7,SUNRISE-5,LUNCH,528,2023-02-12
2,SUNRISE-6,BREAKFAST,1539,2023-02-12
2,SUNRISE-6,DINNER,1714,2023-02-12
2,SUNRISE-6,LUNCH,394,2023-02-12
18,SUNRISE7,BREAKFAST,147,2023-02-12
18,SUNRISE7,DINNER,105,2023-02-12
18,SUNRISE7,LUNCH,168,2023-02-12
1,OASIS DINER,BREAKFAST,516,2023-02-13
1,OASIS DINER,DINNER,445,2023-02-13
1,OASIS DINER,LUNCH,149,2023-02-13
11,RSVD - REFINERY DINER 1,LUNCH,306,2023-02-13
3,SUNRISE-1,BREAKFAST,226,2023-02-13
3,SUNRISE-1,DINNER,194,2023-02-13
3,SUNRISE-1,LUNCH,140,2023-02-13
4,SUNRISE-2,LUNCH,66,2023-02-13
5,SUNRISE-3,BREAKFAST,1031,2023-02-13
5,SUNRISE-3,DINNER,1191,2023-02-13
5,SUNRISE-3,LUNCH,796,2023-02-13
7,SUNRISE-5,BREAKFAST,988,2023-02-13
7,SUNRISE-5,DINNER,735,2023-02-13
7,SUNRISE-5,LUNCH,576,2023-02-13
2,SUNRISE-6,BREAKFAST,1587,2023-02-13
2,SUNRISE-6,DINNER,1540,2023-02-13
2,SUNRISE-6,LUNCH,339,2023-02-13
18,SUNRISE7,BREAKFAST,172,2023-02-13
18,SUNRISE7,DINNER,269,2023-02-13
18,SUNRISE7,LUNCH,202,2023-02-13
1,OASIS DINER,BREAKFAST,524,2023-02-14
1,OASIS DINER,DINNER,430,2023-02-14
1,OASIS DINER,LUNCH,268,2023-02-14
11,RSVD - REFINERY DINER 1,LUNCH,126,2023-02-14
3,SUNRISE-1,BREAKFAST,197,2023-02-14
3,SUNRISE-1,DINNER,207,2023-02-14
3,SUNRISE-1,LUNCH,193,2023-02-14
4,SUNRISE-2,LUNCH,47,2023-02-14
5,SUNRISE-3,BREAKFAST,938,2023-02-14
5,SUNRISE-3,DINNER,979,2023-02-14
5,SUNRISE-3,LUNCH,446,2023-02-14
7,SUNRISE-5,BREAKFAST,880,2023-02-14
7,SUNRISE-5,DINNER,909,2023-02-14
7,SUNRISE-5,LUNCH,510,2023-02-14
2,SUNRISE-6,BREAKFAST,1524,2023-02-14
2,SUNRISE-6,DINNER,1653,2023-02-14
2,SUNRISE-6,LUNCH,455,2023-02-14
18,SUNRISE7,BREAKFAST,331,2023-02-14
18,SUNRISE7,DINNER,374,2023-02-14
18,SUNRISE7,LUNCH,65,2023-02-14
1,OASIS DINER,BREAKFAST,527,2023-02-15
1,OASIS DINER,DINNER,420,2023-02-15
1,OASIS DINER,LUNCH,143,2023-02-15
11,RSVD - REFINERY DINER 1,LUNCH,258,2023-02-15
3,SUNRISE-1,BREAKFAST,259,2023-02-15
3,SUNRISE-1,DINNER,177,2023-02-15
3,SUNRISE-1,LUNCH,169,2023-02-15
4,SUNRISE-2,LUNCH,143,2023-02-15
5,SUNRISE-3,BREAKFAST,1027,2023-02-15
5,SUNRISE-3,DINNER,1236,2023-02-15
5,SUNRISE-3,LUNCH,962,2023-02-15
7,SUNRISE-5,BREAKFAST,939,2023-02-15
7,SUNRISE-5,DINNER,727,2023-02-15
7,SUNRISE-5,LUNCH,492,2023-02-15
2,SUNRISE-6,BREAKFAST,1567,2023-02-15
2,SUNRISE-6,DINNER,1606,2023-02-15
2,SUNRISE-6,LUNCH,116,2023-02-15
18,SUNRISE7,BREAKFAST,329,2023-02-15
18,SUNRISE7,DINNER,322,2023-02-15
18,SUNRISE7,LUNCH,126,2023-02-15
1,OASIS DINER,BREAKFAST,529,2023-02-16
1,OASIS DINER,DINNER,310,2023-02-16
1,OASIS DINER,LUNCH,186,2023-02-16
11,RSVD - REFINERY DINER 1,LUNCH,241,2023-02-16
3,SUNRISE-1,BREAKFAST,248,2023-02-16
3,SUNRISE-1,DINNER,124,2023-02-16
3,SUNRISE-1,LUNCH,168,2023-02-16
4,SUNRISE-2,LUNCH,170,2023-02-16
5,SUNRISE-3,BREAKFAST,1028,2023-02-16
5,SUNRISE-3,DINNER,877,2023-02-16
5,SUNRISE-3,LUNCH,861,2023-02-16
7,SUNRISE-5,BREAKFAST,941,2023-02-16
7,SUNRISE-5,DINNER,862,2023-02-16
7,SUNRISE-5,LUNCH,583,2023-02-16
2,SUNRISE-6,BREAKFAST,1621,2023-02-16
2,SUNRISE-6,DINNER,1519,2023-02-16
2,SUNRISE-6,LUNCH,153,2023-02-16
18,SUNRISE7,BREAKFAST,308,2023-02-16
18,SUNRISE7,DINNER,353,2023-02-16
18,SUNRISE7,LUNCH,179,2023-02-16
1,OASIS DINER,BREAKFAST,380,2023-02-17
1,OASIS DINER,DINNER,316,2023-02-17
1,OASIS DINER,LUNCH,369,2023-02-17
3,SUNRISE-1,BREAKFAST,155,2023-02-17
3,SUNRISE-1,DINNER,121,2023-02-17
3,SUNRISE-1,LUNCH,105,2023-02-17
4,SUNRISE-2,LUNCH,40,2023-02-17
5,SUNRISE-3,BREAKFAST,478,2023-02-17
5,SUNRISE-3,DINNER,714,2023-02-17
5,SUNRISE-3,LUNCH,1392,2023-02-17
7,SUNRISE-5,BREAKFAST,494,2023-02-17
7,SUNRISE-5,DINNER,542,2023-02-17
7,SUNRISE-5,LUNCH,607,2023-02-17
2,SUNRISE-6,BREAKFAST,1433,2023-02-17
2,SUNRISE-6,DINNER,1467,2023-02-17
2,SUNRISE-6,LUNCH,972,2023-02-17
18,SUNRISE7,BREAKFAST,289,2023-02-17
18,SUNRISE7,DINNER,360,2023-02-17
18,SUNRISE7,LUNCH,265,2023-02-17
1,OASIS DINER,BREAKFAST,445,2023-02-18
1,OASIS DINER,DINNER,456,2023-02-18
1,OASIS DINER,LUNCH,156,2023-02-18
11,RSVD - REFINERY DINER 1,LUNCH,240,2023-02-18
3,SUNRISE-1,BREAKFAST,187,2023-02-18
3,SUNRISE-1,DINNER,169,2023-02-18
3,SUNRISE-1,LUNCH,134,2023-02-18
4,SUNRISE-2,LUNCH,190,2023-02-18
5,SUNRISE-3,BREAKFAST,826,2023-02-18
5,SUNRISE-3,DINNER,881,2023-02-18
5,SUNRISE-3,LUNCH,745,2023-02-18
7,SUNRISE-5,BREAKFAST,908,2023-02-18
7,SUNRISE-5,DINNER,862,2023-02-18
7,SUNRISE-5,LUNCH,647,2023-02-18
2,SUNRISE-6,BREAKFAST,1369,2023-02-18
2,SUNRISE-6,DINNER,1480,2023-02-18
2,SUNRISE-6,LUNCH,636,2023-02-18
18,SUNRISE7,BREAKFAST,295,2023-02-18
18,SUNRISE7,DINNER,149,2023-02-18
18,SUNRISE7,LUNCH,319,2023-02-18
1,OASIS DINER,BREAKFAST,479,2023-02-19
1,OASIS DINER,DINNER,443,2023-02-19
1,OASIS DINER,LUNCH,154,2023-02-19
11,RSVD - REFINERY DINER 1,LUNCH,252,2023-02-19
3,SUNRISE-1,BREAKFAST,199,2023-02-19
3,SUNRISE-1,DINNER,204,2023-02-19
3,SUNRISE-1,LUNCH,131,2023-02-19
4,SUNRISE-2,LUNCH,319,2023-02-19
5,SUNRISE-3,BREAKFAST,983,2023-02-19
5,SUNRISE-3,DINNER,1103,2023-02-19
5,SUNRISE-3,LUNCH,793,2023-02-19
7,SUNRISE-5,BREAKFAST,954,2023-02-19
7,SUNRISE-5,DINNER,751,2023-02-19
7,SUNRISE-5,LUNCH,496,2023-02-19
2,SUNRISE-6,BREAKFAST,1621,2023-02-19
2,SUNRISE-6,DINNER,1724,2023-02-19
2,SUNRISE-6,LUNCH,700,2023-02-19
18,SUNRISE7,BREAKFAST,292,2023-02-19
18,SUNRISE7,DINNER,322,2023-02-19
18,SUNRISE7,LUNCH,270,2023-02-19
1,OASIS DINER,BREAKFAST,512,2023-02-20
1,OASIS DINER,DINNER,424,2023-02-20
1,OASIS DINER,LUNCH,147,2023-02-20
11,RSVD - REFINERY DINER 1,LUNCH,252,2023-02-20
3,SUNRISE-1,BREAKFAST,246,2023-02-20
3,SUNRISE-1,DINNER,188,2023-02-20
3,SUNRISE-1,LUNCH,159,2023-02-20
4,SUNRISE-2,LUNCH,205,2023-02-20
5,SUNRISE-3,BREAKFAST,970,2023-02-20
5,SUNRISE-3,DINNER,1175,2023-02-20
5,SUNRISE-3,LUNCH,741,2023-02-20
7,SUNRISE-5,BREAKFAST,950,2023-02-20
7,SUNRISE-5,DINNER,676,2023-02-20
7,SUNRISE-5,LUNCH,574,2023-02-20
2,SUNRISE-6,BREAKFAST,1623,2023-02-20
2,SUNRISE-6,DINNER,1695,2023-02-20
2,SUNRISE-6,LUNCH,332,2023-02-20
18,SUNRISE7,BREAKFAST,293,2023-02-20
18,SUNRISE7,DINNER,257,2023-02-20
1,OASIS DINER,BREAKFAST,533,2023-02-21
1,OASIS DINER,DINNER,443,2023-02-21
1,OASIS DINER,LUNCH,156,2023-02-21
11,RSVD - REFINERY DINER 1,LUNCH,259,2023-02-21
3,SUNRISE-1,BREAKFAST,230,2023-02-21
3,SUNRISE-1,DINNER,184,2023-02-21
3,SUNRISE-1,LUNCH,149,2023-02-21
4,SUNRISE-2,LUNCH,144,2023-02-21
5,SUNRISE-3,BREAKFAST,971,2023-02-21
5,SUNRISE-3,DINNER,940,2023-02-21
5,SUNRISE-3,LUNCH,897,2023-02-21
7,SUNRISE-5,BREAKFAST,914,2023-02-21
7,SUNRISE-5,DINNER,811,2023-02-21
7,SUNRISE-5,LUNCH,518,2023-02-21
2,SUNRISE-6,BREAKFAST,1646,2023-02-21
2,SUNRISE-6,DINNER,1497,2023-02-21
2,SUNRISE-6,LUNCH,395,2023-02-21
18,SUNRISE7,BREAKFAST,304,2023-02-21
18,SUNRISE7,DINNER,276,2023-02-21
18,SUNRISE7,LUNCH,314,2023-02-21
1,OASIS DINER,BREAKFAST,501,2023-02-22
1,OASIS DINER,DINNER,439,2023-02-22
1,OASIS DINER,LUNCH,164,2023-02-22
11,RSVD - REFINERY DINER 1,LUNCH,269,2023-02-22
3,SUNRISE-1,BREAKFAST,228,2023-02-22
3,SUNRISE-1,DINNER,193,2023-02-22
3,SUNRISE-1,LUNCH,144,2023-02-22
5,SUNRISE-3,BREAKFAST,977,2023-02-22
5,SUNRISE-3,DINNER,1128,2023-02-22
5,SUNRISE-3,LUNCH,934,2023-02-22
7,SUNRISE-5,BREAKFAST,936,2023-02-22
7,SUNRISE-5,DINNER,739,2023-02-22
7,SUNRISE-5,LUNCH,467,2023-02-22
2,SUNRISE-6,BREAKFAST,1651,2023-02-22
2,SUNRISE-6,DINNER,1379,2023-02-22
2,SUNRISE-6,LUNCH,191,2023-02-22
18,SUNRISE7,BREAKFAST,267,2023-02-22
18,SUNRISE7,DINNER,311,2023-02-22
18,SUNRISE7,LUNCH,321,2023-02-22
1,OASIS DINER,BREAKFAST,532,2023-02-23
1,OASIS DINER,DINNER,328,2023-02-23
1,OASIS DINER,LUNCH,166,2023-02-23
11,RSVD - REFINERY DINER 1,LUNCH,256,2023-02-23
3,SUNRISE-1,BREAKFAST,246,2023-02-23
3,SUNRISE-1,DINNER,146,2023-02-23
3,SUNRISE-1,LUNCH,170,2023-02-23
5,SUNRISE-3,BREAKFAST,992,2023-02-23
5,SUNRISE-3,DINNER,914,2023-02-23
5,SUNRISE-3,LUNCH,915,2023-02-23
7,SUNRISE-5,BREAKFAST,897,2023-02-23
7,SUNRISE-5,DINNER,729,2023-02-23
7,SUNRISE-5,LUNCH,486,2023-02-23
2,SUNRISE-6,BREAKFAST,1557,2023-02-23
2,SUNRISE-6,DINNER,1286,2023-02-23
2,SUNRISE-6,LUNCH,278,2023-02-23
18,SUNRISE7,BREAKFAST,244,2023-02-23
18,SUNRISE7,DINNER,250,2023-02-23
18,SUNRISE7,LUNCH,202,2023-02-23
1,OASIS DINER,BREAKFAST,384,2023-02-24
1,OASIS DINER,DINNER,341,2023-02-24
1,OASIS DINER,LUNCH,398,2023-02-24
3,SUNRISE-1,BREAKFAST,131,2023-02-24
3,SUNRISE-1,DINNER,126,2023-02-24
3,SUNRISE-1,LUNCH,196,2023-02-24
5,SUNRISE-3,BREAKFAST,469,2023-02-24
5,SUNRISE-3,DINNER,750,2023-02-24
5,SUNRISE-3,LUNCH,1400,2023-02-24
7,SUNRISE-5,BREAKFAST,499,2023-02-24
7,SUNRISE-5,DINNER,551,2023-02-24
7,SUNRISE-5,LUNCH,571,2023-02-24
2,SUNRISE-6,BREAKFAST,1301,2023-02-24
2,SUNRISE-6,DINNER,1076,2023-02-24
2,SUNRISE-6,LUNCH,772,2023-02-24
18,SUNRISE7,BREAKFAST,179,2023-02-24
18,SUNRISE7,DINNER,234,2023-02-24
18,SUNRISE7,LUNCH,235,2023-02-24
1,OASIS DINER,BREAKFAST,467,2023-02-25
1,OASIS DINER,DINNER,476,2023-02-25
1,OASIS DINER,LUNCH,165,2023-02-25
11,RSVD - REFINERY DINER 1,LUNCH,249,2023-02-25
3,SUNRISE-1,BREAKFAST,215,2023-02-25
3,SUNRISE-1,DINNER,197,2023-02-25
3,SUNRISE-1,LUNCH,161,2023-02-25
5,SUNRISE-3,BREAKFAST,882,2023-02-25
5,SUNRISE-3,DINNER,931,2023-02-25
5,SUNRISE-3,LUNCH,979,2023-02-25
7,SUNRISE-5,BREAKFAST,857,2023-02-25
7,SUNRISE-5,DINNER,756,2023-02-25
7,SUNRISE-5,LUNCH,281,2023-02-25
2,SUNRISE-6,BREAKFAST,1406,2023-02-25
2,SUNRISE-6,DINNER,1098,2023-02-25
2,SUNRISE-6,LUNCH,650,2023-02-25
18,SUNRISE7,BREAKFAST,182,2023-02-25
18,SUNRISE7,DINNER,158,2023-02-25
18,SUNRISE7,LUNCH,138,2023-02-25
1,OASIS DINER,BREAKFAST,497,2023-02-26
1,OASIS DINER,DINNER,413,2023-02-26
1,OASIS DINER,LUNCH,159,2023-02-26
11,RSVD - REFINERY DINER 1,LUNCH,279,2023-02-26
3,SUNRISE-1,BREAKFAST,237,2023-02-26
3,SUNRISE-1,DINNER,176,2023-02-26
3,SUNRISE-1,LUNCH,168,2023-02-26
5,SUNRISE-3,BREAKFAST,919,2023-02-26
5,SUNRISE-3,DINNER,1074,2023-02-26
5,SUNRISE-3,LUNCH,901,2023-02-26
7,SUNRISE-5,BREAKFAST,956,2023-02-26
7,SUNRISE-5,DINNER,622,2023-02-26
7,SUNRISE-5,LUNCH,431,2023-02-26
2,SUNRISE-6,BREAKFAST,1471,2023-02-26
2,SUNRISE-6,DINNER,1456,2023-02-26
2,SUNRISE-6,LUNCH,326,2023-02-26
18,SUNRISE7,BREAKFAST,2,2023-02-26
18,SUNRISE7,DINNER,224,2023-02-26
18,SUNRISE7,LUNCH,3,2023-02-26
1,OASIS DINER,BREAKFAST,528,2023-02-27
1,OASIS DINER,DINNER,415,2023-02-27
1,OASIS DINER,LUNCH,150,2023-02-27
11,RSVD - REFINERY DINER 1,LUNCH,282,2023-02-27
3,SUNRISE-1,BREAKFAST,243,2023-02-27
3,SUNRISE-1,DINNER,185,2023-02-27
3,SUNRISE-1,LUNCH,170,2023-02-27
5,SUNRISE-3,BREAKFAST,928,2023-02-27
5,SUNRISE-3,DINNER,1109,2023-02-27
5,SUNRISE-3,LUNCH,703,2023-02-27
7,SUNRISE-5,BREAKFAST,842,2023-02-27
7,SUNRISE-5,DINNER,604,2023-02-27
7,SUNRISE-5,LUNCH,512,2023-02-27
2,SUNRISE-6,BREAKFAST,1475,2023-02-27
2,SUNRISE-6,DINNER,1338,2023-02-27
2,SUNRISE-6,LUNCH,352,2023-02-27
18,SUNRISE7,BREAKFAST,38,2023-02-27
18,SUNRISE7,DINNER,262,2023-02-27
1,OASIS DINER,BREAKFAST,548,2023-02-28
1,OASIS DINER,DINNER,405,2023-02-28
1,OASIS DINER,LUNCH,178,2023-02-28
11,RSVD - REFINERY DINER 1,LUNCH,258,2023-02-28
3,SUNRISE-1,BREAKFAST,238,2023-02-28
3,SUNRISE-1,DINNER,184,2023-02-28
3,SUNRISE-1,LUNCH,169,2023-02-28
5,SUNRISE-3,BREAKFAST,908,2023-02-28
5,SUNRISE-3,DINNER,780,2023-02-28
5,SUNRISE-3,LUNCH,940,2023-02-28
7,SUNRISE-5,BREAKFAST,857,2023-02-28
7,SUNRISE-5,DINNER,724,2023-02-28
7,SUNRISE-5,LUNCH,523,2023-02-28
2,SUNRISE-6,BREAKFAST,1535,2023-02-28
2,SUNRISE-6,DINNER,1463,2023-02-28
2,SUNRISE-6,LUNCH,16,2023-02-28
18,SUNRISE7,BREAKFAST,114,2023-02-28
18,SUNRISE7,LUNCH,24,2023-02-28
1,OASIS DINER,BREAKFAST,533,2023-03-01
1,OASIS DINER,DINNER,413,2023-03-01
1,OASIS DINER,LUNCH,162,2023-03-01
11,RSVD - REFINERY DINER 1,LUNCH,221,2023-03-01
3,SUNRISE-1,BREAKFAST,240,2023-03-01
3,SUNRISE-1,DINNER,161,2023-03-01
3,SUNRISE-1,LUNCH,153,2023-03-01
5,SUNRISE-3,BREAKFAST,906,2023-03-01
5,SUNRISE-3,DINNER,1065,2023-03-01
5,SUNRISE-3,LUNCH,779,2023-03-01
7,SUNRISE-5,BREAKFAST,918,2023-03-01
7,SUNRISE-5,DINNER,663,2023-03-01
7,SUNRISE-5,LUNCH,483,2023-03-01
2,SUNRISE-6,BREAKFAST,1577,2023-03-01
2,SUNRISE-6,DINNER,1531,2023-03-01
2,SUNRISE-6,LUNCH,327,2023-03-01
18,SUNRISE7,BREAKFAST,211,2023-03-01
18,SUNRISE7,DINNER,210,2023-03-01
18,SUNRISE7,LUNCH,242,2023-03-01
1,OASIS DINER,BREAKFAST,528,2023-03-02
1,OASIS DINER,DINNER,271,2023-03-02
1,OASIS DINER,LUNCH,163,2023-03-02
11,RSVD - REFINERY DINER 1,LUNCH,235,2023-03-02
3,SUNRISE-1,BREAKFAST,213,2023-03-02
3,SUNRISE-1,DINNER,120,2023-03-02
3,SUNRISE-1,LUNCH,146,2023-03-02
5,SUNRISE-3,BREAKFAST,941,2023-03-02
5,SUNRISE-3,DINNER,727,2023-03-02
5,SUNRISE-3,LUNCH,983,2023-03-02
7,SUNRISE-5,BREAKFAST,906,2023-03-02
7,SUNRISE-5,DINNER,670,2023-03-02
7,SUNRISE-5,LUNCH,500,2023-03-02
2,SUNRISE-6,BREAKFAST,1579,2023-03-02
2,SUNRISE-6,DINNER,1449,2023-03-02
2,SUNRISE-6,LUNCH,214,2023-03-02
18,SUNRISE7,BREAKFAST,210,2023-03-02
18,SUNRISE7,DINNER,200,2023-03-02
18,SUNRISE7,LUNCH,227,2023-03-02
1,OASIS DINER,BREAKFAST,322,2023-03-03
1,OASIS DINER,DINNER,291,2023-03-03
1,OASIS DINER,LUNCH,371,2023-03-03
3,SUNRISE-1,BREAKFAST,134,2023-03-03
3,SUNRISE-1,DINNER,132,2023-03-03
3,SUNRISE-1,LUNCH,15,2023-03-03
5,SUNRISE-3,BREAKFAST,405,2023-03-03
5,SUNRISE-3,DINNER,599,2023-03-03
5,SUNRISE-3,LUNCH,1320,2023-03-03
7,SUNRISE-5,BREAKFAST,413,2023-03-03
7,SUNRISE-5,DINNER,469,2023-03-03
7,SUNRISE-5,LUNCH,513,2023-03-03
2,SUNRISE-6,BREAKFAST,1364,2023-03-03
2,SUNRISE-6,DINNER,1378,2023-03-03
2,SUNRISE-6,LUNCH,756,2023-03-03
18,SUNRISE7,BREAKFAST,178,2023-03-03
18,SUNRISE7,DINNER,148,2023-03-03
18,SUNRISE7,LUNCH,199,2023-03-03
1,OASIS DINER,BREAKFAST,449,2023-03-04
1,OASIS DINER,DINNER,396,2023-03-04
1,OASIS DINER,LUNCH,146,2023-03-04
11,RSVD - REFINERY DINER 1,LUNCH,251,2023-03-04
3,SUNRISE-1,BREAKFAST,211,2023-03-04
3,SUNRISE-1,DINNER,173,2023-03-04
3,SUNRISE-1,LUNCH,145,2023-03-04
5,SUNRISE-3,BREAKFAST,829,2023-03-04
5,SUNRISE-3,DINNER,824,2023-03-04
5,SUNRISE-3,LUNCH,870,2023-03-04
7,SUNRISE-5,BREAKFAST,832,2023-03-04
7,SUNRISE-5,DINNER,729,2023-03-04
7,SUNRISE-5,LUNCH,546,2023-03-04
2,SUNRISE-6,BREAKFAST,1566,2023-03-04
2,SUNRISE-6,DINNER,1317,2023-03-04
2,SUNRISE-6,LUNCH,432,2023-03-04
18,SUNRISE7,BREAKFAST,123,2023-03-04
18,SUNRISE7,DINNER,147,2023-03-04
18,SUNRISE7,LUNCH,156,2023-03-04
1,OASIS DINER,BREAKFAST,468,2023-03-05
1,OASIS DINER,DINNER,416,2023-03-05
1,OASIS DINER,LUNCH,143,2023-03-05
11,RSVD - REFINERY DINER 1,LUNCH,213,2023-03-05
3,SUNRISE-1,BREAKFAST,222,2023-03-05
3,SUNRISE-1,DINNER,177,2023-03-05
3,SUNRISE-1,LUNCH,129,2023-03-05
5,SUNRISE-3,BREAKFAST,819,2023-03-05
5,SUNRISE-3,DINNER,692,2023-03-05
5,SUNRISE-3,LUNCH,917,2023-03-05
7,SUNRISE-5,BREAKFAST,899,2023-03-05
7,SUNRISE-5,DINNER,655,2023-03-05
7,SUNRISE-5,LUNCH,419,2023-03-05
2,SUNRISE-6,BREAKFAST,1535,2023-03-05
2,SUNRISE-6,DINNER,1614,2023-03-05
2,SUNRISE-6,LUNCH,198,2023-03-05
18,SUNRISE7,BREAKFAST,160,2023-03-05
18,SUNRISE7,LUNCH,116,2023-03-05
1,OASIS DINER,BREAKFAST,496,2023-03-06
1,OASIS DINER,DINNER,436,2023-03-06
1,OASIS DINER,LUNCH,162,2023-03-06
11,RSVD - REFINERY DINER 1,LUNCH,265,2023-03-06
3,SUNRISE-1,BREAKFAST,227,2023-03-06
3,SUNRISE-1,DINNER,173,2023-03-06
3,SUNRISE-1,LUNCH,143,2023-03-06
5,SUNRISE-3,BREAKFAST,876,2023-03-06
5,SUNRISE-3,DINNER,1021,2023-03-06
5,SUNRISE-3,LUNCH,640,2023-03-06
7,SUNRISE-5,BREAKFAST,630,2023-03-06
7,SUNRISE-5,DINNER,622,2023-03-06
7,SUNRISE-5,LUNCH,452,2023-03-06
2,SUNRISE-6,BREAKFAST,1518,2023-03-06
2,SUNRISE-6,DINNER,1461,2023-03-06
2,SUNRISE-6,LUNCH,326,2023-03-06
18,SUNRISE7,BREAKFAST,4,2023-03-06
18,SUNRISE7,LUNCH,163,2023-03-06
1,OASIS DINER,BREAKFAST,518,2023-03-07
1,OASIS DINER,DINNER,401,2023-03-07
1,OASIS DINER,LUNCH,154,2023-03-07
11,RSVD - REFINERY DINER 1,LUNCH,273,2023-03-07
3,SUNRISE-1,BREAKFAST,212,2023-03-07
3,SUNRISE-1,DINNER,160,2023-03-07
3,SUNRISE-1,LUNCH,142,2023-03-07
5,SUNRISE-3,BREAKFAST,878,2023-03-07
5,SUNRISE-3,DINNER,399,2023-03-07
5,SUNRISE-3,LUNCH,814,2023-03-07
7,SUNRISE-5,BREAKFAST,839,2023-03-07
7,SUNRISE-5,DINNER,721,2023-03-07
7,SUNRISE-5,LUNCH,501,2023-03-07
2,SUNRISE-6,BREAKFAST,1497,2023-03-07
2,SUNRISE-6,DINNER,1556,2023-03-07
2,SUNRISE-6,LUNCH,322,2023-03-07
18,SUNRISE7,BREAKFAST,157,2023-03-07
18,SUNRISE7,LUNCH,170,2023-03-07
1,OASIS DINER,BREAKFAST,521,2023-03-08
1,OASIS DINER,DINNER,381,2023-03-08
1,OASIS DINER,LUNCH,137,2023-03-08
11,RSVD - REFINERY DINER 1,LUNCH,253,2023-03-08
3,SUNRISE-1,BREAKFAST,208,2023-03-08
3,SUNRISE-1,DINNER,158,2023-03-08
3,SUNRISE-1,LUNCH,150,2023-03-08
5,SUNRISE-3,BREAKFAST,855,2023-03-08
5,SUNRISE-3,DINNER,735,2023-03-08
5,SUNRISE-3,LUNCH,858,2023-03-08
7,SUNRISE-5,BREAKFAST,868,2023-03-08
7,SUNRISE-5,DINNER,353,2023-03-08
7,SUNRISE-5,LUNCH,450,2023-03-08
2,SUNRISE-6,BREAKFAST,1479,2023-03-08
2,SUNRISE-6,DINNER,1286,2023-03-08
2,SUNRISE-6,LUNCH,311,2023-03-08
18,SUNRISE7,BREAKFAST,179,2023-03-08
18,SUNRISE7,DINNER,177,2023-03-08
18,SUNRISE7,LUNCH,188,2023-03-08
1,OASIS DINER,BREAKFAST,516,2023-03-09
1,OASIS DINER,DINNER,277,2023-03-09
1,OASIS DINER,LUNCH,155,2023-03-09
11,RSVD - REFINERY DINER 1,LUNCH,188,2023-03-09
3,SUNRISE-1,BREAKFAST,214,2023-03-09
3,SUNRISE-1,DINNER,93,2023-03-09
3,SUNRISE-1,LUNCH,140,2023-03-09
5,SUNRISE-3,BREAKFAST,856,2023-03-09
5,SUNRISE-3,DINNER,625,2023-03-09
5,SUNRISE-3,LUNCH,764,2023-03-09
7,SUNRISE-5,BREAKFAST,817,2023-03-09
7,SUNRISE-5,DINNER,621,2023-03-09
7,SUNRISE-5,LUNCH,479,2023-03-09
2,SUNRISE-6,BREAKFAST,1484,2023-03-09
2,SUNRISE-6,DINNER,1453,2023-03-09
2,SUNRISE-6,LUNCH,250,2023-03-09
18,SUNRISE7,BREAKFAST,205,2023-03-09
18,SUNRISE7,LUNCH,188,2023-03-09
1,OASIS DINER,BREAKFAST,334,2023-03-10
1,OASIS DINER,DINNER,302,2023-03-10
1,OASIS DINER,LUNCH,337,2023-03-10
3,SUNRISE-1,BREAKFAST,119,2023-03-10
3,SUNRISE-1,DINNER,120,2023-03-10
3,SUNRISE-1,LUNCH,167,2023-03-10
5,SUNRISE-3,BREAKFAST,426,2023-03-10
5,SUNRISE-3,DINNER,601,2023-03-10
5,SUNRISE-3,LUNCH,1150,2023-03-10
7,SUNRISE-5,BREAKFAST,487,2023-03-10
7,SUNRISE-5,DINNER,511,2023-03-10
7,SUNRISE-5,LUNCH,472,2023-03-10
2,SUNRISE-6,BREAKFAST,433,2023-03-10
2,SUNRISE-6,DINNER,1364,2023-03-10
2,SUNRISE-6,LUNCH,905,2023-03-10
18,SUNRISE7,BREAKFAST,159,2023-03-10
18,SUNRISE7,DINNER,158,2023-03-10
18,SUNRISE7,LUNCH,117,2023-03-10
1,OASIS DINER,BREAKFAST,454,2023-03-11
1,OASIS DINER,DINNER,435,2023-03-11
1,OASIS DINER,LUNCH,144,2023-03-11
11,RSVD - REFINERY DINER 1,LUNCH,185,2023-03-11
3,SUNRISE-1,BREAKFAST,202,2023-03-11
3,SUNRISE-1,DINNER,153,2023-03-11
3,SUNRISE-1,LUNCH,143,2023-03-11
5,SUNRISE-3,BREAKFAST,764,2023-03-11
5,SUNRISE-3,DINNER,867,2023-03-11
5,SUNRISE-3,LUNCH,723,2023-03-11
7,SUNRISE-5,BREAKFAST,820,2023-03-11
7,SUNRISE-5,DINNER,715,2023-03-11
7,SUNRISE-5,LUNCH,523,2023-03-11
2,SUNRISE-6,BREAKFAST,1495,2023-03-11
2,SUNRISE-6,DINNER,1371,2023-03-11
2,SUNRISE-6,LUNCH,431,2023-03-11
18,SUNRISE7,BREAKFAST,130,2023-03-11
18,SUNRISE7,LUNCH,152,2023-03-11
1,OASIS DINER,BREAKFAST,487,2023-03-12
1,OASIS DINER,DINNER,410,2023-03-12
1,OASIS DINER,LUNCH,154,2023-03-12
11,RSVD - REFINERY DINER 1,LUNCH,251,2023-03-12
3,SUNRISE-1,BREAKFAST,221,2023-03-12
3,SUNRISE-1,DINNER,188,2023-03-12
3,SUNRISE-1,LUNCH,147,2023-03-12
5,SUNRISE-3,BREAKFAST,830,2023-03-12
5,SUNRISE-3,DINNER,235,2023-03-12
5,SUNRISE-3,LUNCH,202,2023-03-12
6,SUNRISE-4,DINNER,383,2023-03-12
6,SUNRISE-4,LUNCH,405,2023-03-12
7,SUNRISE-5,BREAKFAST,899,2023-03-12
7,SUNRISE-5,DINNER,641,2023-03-12
7,SUNRISE-5,LUNCH,428,2023-03-12
2,SUNRISE-6,BREAKFAST,1169,2023-03-12
2,SUNRISE-6,DINNER,1714,2023-03-12
2,SUNRISE-6,LUNCH,221,2023-03-12
18,SUNRISE7,BREAKFAST,146,2023-03-12
18,SUNRISE7,DINNER,147,2023-03-12
18,SUNRISE7,LUNCH,145,2023-03-12
1,OASIS DINER,BREAKFAST,509,2023-03-13
1,OASIS DINER,DINNER,419,2023-03-13
1,OASIS DINER,LUNCH,169,2023-03-13
11,RSVD - REFINERY DINER 1,LUNCH,174,2023-03-13
3,SUNRISE-1,BREAKFAST,209,2023-03-13
3,SUNRISE-1,DINNER,176,2023-03-13
3,SUNRISE-1,LUNCH,137,2023-03-13
5,SUNRISE-3,BREAKFAST,267,2023-03-13
5,SUNRISE-3,DINNER,983,2023-03-13
5,SUNRISE-3,LUNCH,302,2023-03-13
6,SUNRISE-4,BREAKFAST,567,2023-03-13
6,SUNRISE-4,LUNCH,371,2023-03-13
7,SUNRISE-5,BREAKFAST,794,2023-03-13
7,SUNRISE-5,DINNER,590,2023-03-13
7,SUNRISE-5,LUNCH,523,2023-03-13
2,SUNRISE-6,BREAKFAST,1380,2023-03-13
2,SUNRISE-6,DINNER,1569,2023-03-13
2,SUNRISE-6,LUNCH,135,2023-03-13
18,SUNRISE7,BREAKFAST,156,2023-03-13
18,SUNRISE7,LUNCH,99,2023-03-13
1,OASIS DINER,BREAKFAST,538,2023-03-14
1,OASIS DINER,DINNER,421,2023-03-14
1,OASIS DINER,LUNCH,178,2023-03-14
11,RSVD - REFINERY DINER 1,LUNCH,266,2023-03-14
3,SUNRISE-1,BREAKFAST,198,2023-03-14
3,SUNRISE-1,DINNER,173,2023-03-14
3,SUNRISE-1,LUNCH,164,2023-03-14
5,SUNRISE-3,BREAKFAST,833,2023-03-14
5,SUNRISE-3,DINNER,757,2023-03-14
5,SUNRISE-3,LUNCH,480,2023-03-14
6,SUNRISE-4,LUNCH,196,2023-03-14
7,SUNRISE-5,BREAKFAST,861,2023-03-14
7,SUNRISE-5,DINNER,784,2023-03-14
7,SUNRISE-5,LUNCH,489,2023-03-14
2,SUNRISE-6,BREAKFAST,1552,2023-03-14
2,SUNRISE-6,DINNER,1657,2023-03-14
2,SUNRISE-6,LUNCH,229,2023-03-14
18,SUNRISE7,BREAKFAST,121,2023-03-14
18,SUNRISE7,DINNER,145,2023-03-14
18,SUNRISE7,LUNCH,135,2023-03-14
1,OASIS DINER,BREAKFAST,545,2023-03-15
1,OASIS DINER,DINNER,394,2023-03-15
1,OASIS DINER,LUNCH,160,2023-03-15
11,RSVD - REFINERY DINER 1,LUNCH,121,2023-03-15
3,SUNRISE-1,BREAKFAST,229,2023-03-15
3,SUNRISE-1,DINNER,177,2023-03-15
3,SUNRISE-1,LUNCH,145,2023-03-15
5,SUNRISE-3,BREAKFAST,807,2023-03-15
5,SUNRISE-3,DINNER,543,2023-03-15
5,SUNRISE-3,LUNCH,786,2023-03-15
6,SUNRISE-4,DINNER,430,2023-03-15
7,SUNRISE-5,BREAKFAST,870,2023-03-15
7,SUNRISE-5,DINNER,664,2023-03-15
7,SUNRISE-5,LUNCH,439,2023-03-15
2,SUNRISE-6,BREAKFAST,1575,2023-03-15
2,SUNRISE-6,DINNER,1601,2023-03-15
2,SUNRISE-6,LUNCH,291,2023-03-15
18,SUNRISE7,BREAKFAST,25,2023-03-15
18,SUNRISE7,DINNER,155,2023-03-15
18,SUNRISE7,LUNCH,42,2023-03-15
1,OASIS DINER,BREAKFAST,524,2023-03-16
1,OASIS DINER,DINNER,315,2023-03-16
1,OASIS DINER,LUNCH,154,2023-03-16
11,RSVD - REFINERY DINER 1,LUNCH,258,2023-03-16
3,SUNRISE-1,BREAKFAST,234,2023-03-16
3,SUNRISE-1,DINNER,111,2023-03-16
3,SUNRISE-1,LUNCH,142,2023-03-16
5,SUNRISE-3,BREAKFAST,287,2023-03-16
5,SUNRISE-3,DINNER,280,2023-03-16
5,SUNRISE-3,LUNCH,477,2023-03-16
6,SUNRISE-4,BREAKFAST,534,2023-03-16
6,SUNRISE-4,DINNER,334,2023-03-16
6,SUNRISE-4,LUNCH,247,2023-03-16
7,SUNRISE-5,BREAKFAST,874,2023-03-16
7,SUNRISE-5,DINNER,670,2023-03-16
7,SUNRISE-5,LUNCH,501,2023-03-16
2,SUNRISE-6,BREAKFAST,1527,2023-03-16
2,SUNRISE-6,DINNER,1442,2023-03-16
2,SUNRISE-6,LUNCH,249,2023-03-16
18,SUNRISE7,BREAKFAST,24,2023-03-16
18,SUNRISE7,DINNER,193,2023-03-16
18,SUNRISE7,LUNCH,28,2023-03-16
1,OASIS DINER,BREAKFAST,373,2023-03-17
1,OASIS DINER,DINNER,308,2023-03-17
1,OASIS DINER,LUNCH,348,2023-03-17
3,SUNRISE-1,BREAKFAST,131,2023-03-17
3,SUNRISE-1,DINNER,124,2023-03-17
3,SUNRISE-1,LUNCH,170,2023-03-17
5,SUNRISE-3,BREAKFAST,151,2023-03-17
5,SUNRISE-3,DINNER,634,2023-03-17
5,SUNRISE-3,LUNCH,532,2023-03-17
6,SUNRISE-4,BREAKFAST,292,2023-03-17
6,SUNRISE-4,LUNCH,627,2023-03-17
7,SUNRISE-5,BREAKFAST,499,2023-03-17
7,SUNRISE-5,DINNER,524,2023-03-17
7,SUNRISE-5,LUNCH,538,2023-03-17
2,SUNRISE-6,BREAKFAST,235,2023-03-17
2,SUNRISE-6,DINNER,1343,2023-03-17
2,SUNRISE-6,LUNCH,920,2023-03-17
18,SUNRISE7,BREAKFAST,65,2023-03-17
18,SUNRISE7,DINNER,245,2023-03-17
18,SUNRISE7,LUNCH,208,2023-03-17
1,OASIS DINER,BREAKFAST,462,2023-03-18
1,OASIS DINER,DINNER,406,2023-03-18
1,OASIS DINER,LUNCH,119,2023-03-18
11,RSVD - REFINERY DINER 1,LUNCH,232,2023-03-18
3,SUNRISE-1,BREAKFAST,203,2023-03-18
3,SUNRISE-1,DINNER,169,2023-03-18
3,SUNRISE-1,LUNCH,139,2023-03-18
5,SUNRISE-3,BREAKFAST,760,2023-03-18
5,SUNRISE-3,DINNER,819,2023-03-18
5,SUNRISE-3,LUNCH,802,2023-03-18
7,SUNRISE-5,BREAKFAST,856,2023-03-18
7,SUNRISE-5,DINNER,694,2023-03-18
7,SUNRISE-5,LUNCH,495,2023-03-18
2,SUNRISE-6,BREAKFAST,1522,2023-03-18
2,SUNRISE-6,DINNER,853,2023-03-18
2,SUNRISE-6,LUNCH,652,2023-03-18
18,SUNRISE7,BREAKFAST,185,2023-03-18
18,SUNRISE7,DINNER,162,2023-03-18
18,SUNRISE7,LUNCH,201,2023-03-18
1,OASIS DINER,BREAKFAST,477,2023-03-19
1,OASIS DINER,DINNER,422,2023-03-19
1,OASIS DINER,LUNCH,126,2023-03-19
11,RSVD - REFINERY DINER 1,LUNCH,246,2023-03-19
3,SUNRISE-1,BREAKFAST,218,2023-03-19
3,SUNRISE-1,DINNER,176,2023-03-19
3,SUNRISE-1,LUNCH,140,2023-03-19
5,SUNRISE-3,BREAKFAST,773,2023-03-19
5,SUNRISE-3,DINNER,827,2023-03-19
5,SUNRISE-3,LUNCH,783,2023-03-19
7,SUNRISE-5,BREAKFAST,846,2023-03-19
7,SUNRISE-5,DINNER,626,2023-03-19
7,SUNRISE-5,LUNCH,444,2023-03-19
2,SUNRISE-6,BREAKFAST,1542,2023-03-19
2,SUNRISE-6,DINNER,1696,2023-03-19
2,SUNRISE-6,LUNCH,421,2023-03-19
18,SUNRISE7,BREAKFAST,218,2023-03-19
18,SUNRISE7,DINNER,266,2023-03-19
18,SUNRISE7,LUNCH,248,2023-03-19
1,OASIS DINER,BREAKFAST,503,2023-03-20
1,OASIS DINER,DINNER,373,2023-03-20
1,OASIS DINER,LUNCH,130,2023-03-20
11,RSVD - REFINERY DINER 1,LUNCH,215,2023-03-20
3,SUNRISE-1,BREAKFAST,214,2023-03-20
3,SUNRISE-1,DINNER,139,2023-03-20
3,SUNRISE-1,LUNCH,136,2023-03-20
5,SUNRISE-3,BREAKFAST,707,2023-03-20
5,SUNRISE-3,DINNER,614,2023-03-20
5,SUNRISE-3,LUNCH,735,2023-03-20
7,SUNRISE-5,BREAKFAST,743,2023-03-20
7,SUNRISE-5,DINNER,505,2023-03-20
7,SUNRISE-5,LUNCH,462,2023-03-20
2,SUNRISE-6,BREAKFAST,1554,2023-03-20
2,SUNRISE-6,DINNER,1252,2023-03-20
2,SUNRISE-6,LUNCH,345,2023-03-20
18,SUNRISE7,BREAKFAST,285,2023-03-20
18,SUNRISE7,LUNCH,262,2023-03-20
1,OASIS DINER,BREAKFAST,531,2023-03-21
1,OASIS DINER,DINNER,427,2023-03-21
1,OASIS DINER,LUNCH,135,2023-03-21
11,RSVD - REFINERY DINER 1,LUNCH,85,2023-03-21
3,SUNRISE-1,BREAKFAST,206,2023-03-21
3,SUNRISE-1,DINNER,175,2023-03-21
3,SUNRISE-1,LUNCH,143,2023-03-21
5,SUNRISE-3,BREAKFAST,696,2023-03-21
5,SUNRISE-3,LUNCH,736,2023-03-21
6,SUNRISE-4,DINNER,770,2023-03-21
7,SUNRISE-5,BREAKFAST,786,2023-03-21
7,SUNRISE-5,DINNER,683,2023-03-21
7,SUNRISE-5,LUNCH,473,2023-03-21
2,SUNRISE-6,BREAKFAST,1595,2023-03-21
2,SUNRISE-6,DINNER,1162,2023-03-21
2,SUNRISE-6,LUNCH,487,2023-03-21
18,SUNRISE7,BREAKFAST,236,2023-03-21
1,OASIS DINER,BREAKFAST,501,2023-03-22
1,OASIS DINER,DINNER,413,2023-03-22
1,OASIS DINER,LUNCH,130,2023-03-22
11,RSVD - REFINERY DINER 1,LUNCH,252,2023-03-22
3,SUNRISE-1,BREAKFAST,204,2023-03-22
3,SUNRISE-1,DINNER,177,2023-03-22
3,SUNRISE-1,LUNCH,136,2023-03-22
6,SUNRISE-4,BREAKFAST,703,2023-03-22
6,SUNRISE-4,DINNER,816,2023-03-22
6,SUNRISE-4,LUNCH,717,2023-03-22
7,SUNRISE-5,BREAKFAST,836,2023-03-22
7,SUNRISE-5,DINNER,689,2023-03-22
7,SUNRISE-5,LUNCH,429,2023-03-22
2,SUNRISE-6,BREAKFAST,1447,2023-03-22
2,SUNRISE-6,DINNER,1183,2023-03-22
2,SUNRISE-6,LUNCH,294,2023-03-22
18,SUNRISE7,BREAKFAST,281,2023-03-22
18,SUNRISE7,DINNER,189,2023-03-22
18,SUNRISE7,LUNCH,291,2023-03-22
1,OASIS DINER,BREAKFAST,489,2023-03-23
1,OASIS DINER,DINNER,306,2023-03-23
1,OASIS DINER,LUNCH,201,2023-03-23
11,RSVD - REFINERY DINER 1,LUNCH,200,2023-03-23
3,SUNRISE-1,BREAKFAST,143,2023-03-23
3,SUNRISE-1,DINNER,95,2023-03-23
3,SUNRISE-1,LUNCH,186,2023-03-23
5,SUNRISE-3,BREAKFAST,71,2023-03-23
5,SUNRISE-3,DINNER,180,2023-03-23
5,SUNRISE-3,LUNCH,118,2023-03-23
15,SUNRISE-3-EXT,BREAKFAST,496,2023-03-23
6,SUNRISE-4,BREAKFAST,225,2023-03-23
6,SUNRISE-4,DINNER,346,2023-03-23
6,SUNRISE-4,LUNCH,190,2023-03-23
13,SUNRISE-4-EXT,LUNCH,681,2023-03-23
7,SUNRISE-5,BREAKFAST,741,2023-03-23
7,SUNRISE-5,DINNER,528,2023-03-23
7,SUNRISE-5,LUNCH,478,2023-03-23
2,SUNRISE-6,BREAKFAST,1141,2023-03-23
2,SUNRISE-6,DINNER,1006,2023-03-23
2,SUNRISE-6,LUNCH,152,2023-03-23
16,SUNRISE-6-EXT,BREAKFAST,393,2023-03-23
16,SUNRISE-6-EXT,LUNCH,1,2023-03-23
18,SUNRISE7,BREAKFAST,249,2023-03-23
18,SUNRISE7,LUNCH,214,2023-03-23
1,OASIS DINER,BREAKFAST,352,2023-03-24
1,OASIS DINER,DINNER,304,2023-03-24
1,OASIS DINER,LUNCH,370,2023-03-24
3,SUNRISE-1,BREAKFAST,50,2023-03-24
3,SUNRISE-1,DINNER,100,2023-03-24
3,SUNRISE-1,LUNCH,178,2023-03-24
5,SUNRISE-3,BREAKFAST,38,2023-03-24
5,SUNRISE-3,DINNER,86,2023-03-24
5,SUNRISE-3,LUNCH,196,2023-03-24
15,SUNRISE-3-EXT,BREAKFAST,544,2023-03-24
6,SUNRISE-4,BREAKFAST,93,2023-03-24
6,SUNRISE-4,DINNER,380,2023-03-24
6,SUNRISE-4,LUNCH,231,2023-03-24
13,SUNRISE-4-EXT,LUNCH,683,2023-03-24
7,SUNRISE-5,BREAKFAST,357,2023-03-24
7,SUNRISE-5,DINNER,543,2023-03-24
7,SUNRISE-5,LUNCH,525,2023-03-24
2,SUNRISE-6,BREAKFAST,1094,2023-03-24
2,SUNRISE-6,DINNER,929,2023-03-24
2,SUNRISE-6,LUNCH,410,2023-03-24
16,SUNRISE-6-EXT,BREAKFAST,459,2023-03-24
18,SUNRISE7,BREAKFAST,277,2023-03-24
18,SUNRISE7,DINNER,316,2023-03-24
18,SUNRISE7,LUNCH,314,2023-03-24
1,OASIS DINER,BREAKFAST,429,2023-03-25
1,OASIS DINER,DINNER,392,2023-03-25
1,OASIS DINER,LUNCH,225,2023-03-25
11,RSVD - REFINERY DINER 1,LUNCH,100,2023-03-25
3,SUNRISE-1,BREAKFAST,123,2023-03-25
3,SUNRISE-1,DINNER,122,2023-03-25
3,SUNRISE-1,LUNCH,210,2023-03-25
19,SUNRISE-2-EXT,LUNCH,478,2023-03-25
5,SUNRISE-3,BREAKFAST,74,2023-03-25
5,SUNRISE-3,LUNCH,111,2023-03-25
15,SUNRISE-3-EXT,BREAKFAST,513,2023-03-25
6,SUNRISE-4,BREAKFAST,194,2023-03-25
6,SUNRISE-4,DINNER,612,2023-03-25
6,SUNRISE-4,LUNCH,181,2023-03-25
13,SUNRISE-4-EXT,LUNCH,239,2023-03-25
7,SUNRISE-5,BREAKFAST,681,2023-03-25
7,SUNRISE-5,DINNER,35,2023-03-25
7,SUNRISE-5,LUNCH,472,2023-03-25
2,SUNRISE-6,BREAKFAST,1078,2023-03-25
2,SUNRISE-6,DINNER,816,2023-03-25
2,SUNRISE-6,LUNCH,290,2023-03-25
16,SUNRISE-6-EXT,BREAKFAST,412,2023-03-25
16,SUNRISE-6-EXT,LUNCH,79,2023-03-25
18,SUNRISE7,BREAKFAST,240,2023-03-25
18,SUNRISE7,DINNER,5,2023-03-25
18,SUNRISE7,LUNCH,239,2023-03-25
1,OASIS DINER,BREAKFAST,454,2023-03-26
1,OASIS DINER,DINNER,380,2023-03-26
1,OASIS DINER,LUNCH,205,2023-03-26
11,RSVD - REFINERY DINER 1,LUNCH,112,2023-03-26
3,SUNRISE-1,BREAKFAST,155,2023-03-26
3,SUNRISE-1,DINNER,114,2023-03-26
3,SUNRISE-1,LUNCH,214,2023-03-26
19,SUNRISE-2-EXT,LUNCH,702,2023-03-26
5,SUNRISE-3,DINNER,151,2023-03-26
15,SUNRISE-3-EXT,BREAKFAST,500,2023-03-26
6,SUNRISE-4,BREAKFAST,304,2023-03-26
6,SUNRISE-4,DINNER,442,2023-03-26
6,SUNRISE-4,LUNCH,336,2023-03-26
13,SUNRISE-4-EXT,LUNCH,11,2023-03-26
7,SUNRISE-5,BREAKFAST,415,2023-03-26
7,SUNRISE-5,DINNER,164,2023-03-26
7,SUNRISE-5,LUNCH,474,2023-03-26
2,SUNRISE-6,BREAKFAST,1065,2023-03-26
2,SUNRISE-6,DINNER,1090,2023-03-26
2,SUNRISE-6,LUNCH,201,2023-03-26
16,SUNRISE-6-EXT,BREAKFAST,442,2023-03-26
16,SUNRISE-6-EXT,LUNCH,389,2023-03-26
18,SUNRISE7,BREAKFAST,241,2023-03-26
18,SUNRISE7,DINNER,15,2023-03-26
18,SUNRISE7,LUNCH,322,2023-03-26
1,OASIS DINER,BREAKFAST,461,2023-03-27
1,OASIS DINER,DINNER,347,2023-03-27
1,OASIS DINER,LUNCH,207,2023-03-27
11,RSVD - REFINERY DINER 1,LUNCH,199,2023-03-27
3,SUNRISE-1,BREAKFAST,147,2023-03-27
3,SUNRISE-1,DINNER,124,2023-03-27
3,SUNRISE-1,LUNCH,209,2023-03-27
19,SUNRISE-2-EXT,LUNCH,573,2023-03-27
5,SUNRISE-3,BREAKFAST,90,2023-03-27
5,SUNRISE-3,DINNER,195,2023-03-27
5,SUNRISE-3,LUNCH,113,2023-03-27
15,SUNRISE-3-EXT,BREAKFAST,471,2023-03-27
6,SUNRISE-4,BREAKFAST,200,2023-03-27
6,SUNRISE-4,DINNER,352,2023-03-27
6,SUNRISE-4,LUNCH,195,2023-03-27
13,SUNRISE-4-EXT,LUNCH,137,2023-03-27
7,SUNRISE-5,BREAKFAST,578,2023-03-27
7,SUNRISE-5,DINNER,601,2023-03-27
7,SUNRISE-5,LUNCH,471,2023-03-27
2,SUNRISE-6,BREAKFAST,1076,2023-03-27
2,SUNRISE-6,DINNER,875,2023-03-27
2,SUNRISE-6,LUNCH,224,2023-03-27
16,SUNRISE-6-EXT,BREAKFAST,435,2023-03-27
16,SUNRISE-6-EXT,LUNCH,447,2023-03-27
18,SUNRISE7,BREAKFAST,282,2023-03-27
1,OASIS DINER,BREAKFAST,465,2023-03-28
1,OASIS DINER,DINNER,343,2023-03-28
1,OASIS DINER,LUNCH,195,2023-03-28
11,RSVD - REFINERY DINER 1,LUNCH,191,2023-03-28
3,SUNRISE-1,BREAKFAST,137,2023-03-28
3,SUNRISE-1,DINNER,116,2023-03-28
3,SUNRISE-1,LUNCH,202,2023-03-28
19,SUNRISE-2-EXT,LUNCH,126,2023-03-28
5,SUNRISE-3,BREAKFAST,118,2023-03-28
5,SUNRISE-3,DINNER,242,2023-03-28
5,SUNRISE-3,LUNCH,126,2023-03-28
15,SUNRISE-3-EXT,BREAKFAST,494,2023-03-28
6,SUNRISE-4,BREAKFAST,180,2023-03-28
6,SUNRISE-4,DINNER,334,2023-03-28
6,SUNRISE-4,LUNCH,183,2023-03-28
13,SUNRISE-4-EXT,LUNCH,584,2023-03-28
7,SUNRISE-5,BREAKFAST,543,2023-03-28
7,SUNRISE-5,DINNER,584,2023-03-28
7,SUNRISE-5,LUNCH,396,2023-03-28
2,SUNRISE-6,BREAKFAST,1074,2023-03-28
2,SUNRISE-6,DINNER,933,2023-03-28
2,SUNRISE-6,LUNCH,12,2023-03-28
16,SUNRISE-6-EXT,BREAKFAST,475,2023-03-28
16,SUNRISE-6-EXT,LUNCH,498,2023-03-28
18,SUNRISE7,BREAKFAST,128,2023-03-28
18,SUNRISE7,DINNER,132,2023-03-28
18,SUNRISE7,LUNCH,196,2023-03-28
1,OASIS DINER,BREAKFAST,454,2023-03-29
1,OASIS DINER,DINNER,323,2023-03-29
1,OASIS DINER,LUNCH,184,2023-03-29
11,RSVD - REFINERY DINER 1,LUNCH,170,2023-03-29
3,SUNRISE-1,BREAKFAST,132,2023-03-29
3,SUNRISE-1,DINNER,110,2023-03-29
3,SUNRISE-1,LUNCH,168,2023-03-29
5,SUNRISE-3,BREAKFAST,92,2023-03-29
5,SUNRISE-3,DINNER,124,2023-03-29
5,SUNRISE-3,LUNCH,108,2023-03-29
15,SUNRISE-3-EXT,BREAKFAST,479,2023-03-29
6,SUNRISE-4,BREAKFAST,201,2023-03-29
6,SUNRISE-4,DINNER,410,2023-03-29
6,SUNRISE-4,LUNCH,211,2023-03-29
13,SUNRISE-4-EXT,LUNCH,689,2023-03-29
7,SUNRISE-5,BREAKFAST,521,2023-03-29
7,SUNRISE-5,DINNER,699,2023-03-29
7,SUNRISE-5,LUNCH,423,2023-03-29
2,SUNRISE-6,BREAKFAST,1029,2023-03-29
2,SUNRISE-6,DINNER,892,2023-03-29
2,SUNRISE-6,LUNCH,180,2023-03-29
16,SUNRISE-6-EXT,BREAKFAST,458,2023-03-29
16,SUNRISE-6-EXT,LUNCH,611,2023-03-29
18,SUNRISE7,BREAKFAST,197,2023-03-29
18,SUNRISE7,LUNCH,99,2023-03-29
1,OASIS DINER,BREAKFAST,446,2023-03-30
1,OASIS DINER,DINNER,255,2023-03-30
1,OASIS DINER,LUNCH,191,2023-03-30
11,RSVD - REFINERY DINER 1,LUNCH,179,2023-03-30
3,SUNRISE-1,BREAKFAST,125,2023-03-30
3,SUNRISE-1,DINNER,72,2023-03-30
3,SUNRISE-1,LUNCH,155,2023-03-30
19,SUNRISE-2-EXT,LUNCH,202,2023-03-30
5,SUNRISE-3,BREAKFAST,101,2023-03-30
5,SUNRISE-3,DINNER,58,2023-03-30
5,SUNRISE-3,LUNCH,121,2023-03-30
15,SUNRISE-3-EXT,BREAKFAST,219,2023-03-30
6,SUNRISE-4,BREAKFAST,208,2023-03-30
6,SUNRISE-4,DINNER,76,2023-03-30
6,SUNRISE-4,LUNCH,210,2023-03-30
13,SUNRISE-4-EXT,BREAKFAST,237,2023-03-30
13,SUNRISE-4-EXT,LUNCH,486,2023-03-30
7,SUNRISE-5,BREAKFAST,708,2023-03-30
7,SUNRISE-5,DINNER,442,2023-03-30
7,SUNRISE-5,LUNCH,438,2023-03-30
2,SUNRISE-6,BREAKFAST,1050,2023-03-30
2,SUNRISE-6,DINNER,810,2023-03-30
2,SUNRISE-6,LUNCH,283,2023-03-30
16,SUNRISE-6-EXT,BREAKFAST,474,2023-03-30
16,SUNRISE-6-EXT,LUNCH,621,2023-03-30
18,SUNRISE7,BREAKFAST,91,2023-03-30
18,SUNRISE7,DINNER,66,2023-03-30
18,SUNRISE7,LUNCH,126,2023-03-30
1,OASIS DINER,BREAKFAST,322,2023-03-31
1,OASIS DINER,DINNER,255,2023-03-31
1,OASIS DINER,LUNCH,344,2023-03-31
3,SUNRISE-1,BREAKFAST,99,2023-03-31
3,SUNRISE-1,DINNER,81,2023-03-31
3,SUNRISE-1,LUNCH,163,2023-03-31
5,SUNRISE-3,BREAKFAST,19,2023-03-31
5,SUNRISE-3,DINNER,44,2023-03-31
5,SUNRISE-3,LUNCH,6,2023-03-31
15,SUNRISE-3-EXT,BREAKFAST,530,2023-03-31
6,SUNRISE-4,BREAKFAST,112,2023-03-31
6,SUNRISE-4,DINNER,364,2023-03-31
6,SUNRISE-4,LUNCH,544,2023-03-31
13,SUNRISE-4-EXT,LUNCH,652,2023-03-31
7,SUNRISE-5,BREAKFAST,372,2023-03-31
7,SUNRISE-5,DINNER,341,2023-03-31
7,SUNRISE-5,LUNCH,483,2023-03-31
2,SUNRISE-6,BREAKFAST,1026,2023-03-31
2,SUNRISE-6,DINNER,697,2023-03-31
2,SUNRISE-6,LUNCH,442,2023-03-31
16,SUNRISE-6-EXT,BREAKFAST,74,2023-03-31
16,SUNRISE-6-EXT,LUNCH,257,2023-03-31
18,SUNRISE7,BREAKFAST,140,2023-03-31
18,SUNRISE7,LUNCH,17,2023-03-31
